channel_time_slot_id,view_num
1,1096256
2,636705
3,9508266
4,1210633
5,8404972
6,3318445
7,3286287
8,8216154
9,2886564
10,462840
11,143372
12,918458
13,8815347
14,4351880
15,9600400
16,3362935
17,7298672
18,9850947
19,1820646
20,5089598
21,6642535
22,7558609
23,8558080
24,7477990
25,4313196
26,5162311
27,4747586
28,4161283
29,989177
30,1624565
31,1384465
32,1641355
33,3741534
34,1437695
35,3358561
36,7635349
37,9631934
38,5890360
39,1106577
40,6140207
41,5301179
42,1362980
43,3712273
44,9323624
45,1727310
46,8669346
47,8658840
48,4411184
49,5262171
50,8779811
51,4736655
52,478868
53,7408416
54,3562167
55,2887275
56,7459551
57,4083930
58,6793902
59,6559083
60,9494059
61,6362342
62,8031387
63,3465573
64,7418859
65,9531764
66,3242250
67,6721998
68,1265214
69,1881895
70,2539539
71,3389145
72,4045646
73,8022524
74,8194385
75,5343571
76,4712605
77,3039820
78,9093471
79,438684
80,2209816
81,7838059
82,5616715
83,3752471
84,6401864
85,6261723
86,8626029
87,7326418
88,5079814
89,9251250
90,1804467
91,3037872
92,4579110
93,8300046
94,8157270
95,1637366
96,5390703
97,1504698
98,5687795
99,5815440
100,883490
101,4178447
102,6764699
103,3637489
104,1258959
105,4020277
106,5509605
107,4973759
108,9958491
109,1434546
110,1220629
111,6957857
112,19587
113,5030916
114,1285247
115,238768
116,4077531
117,7186596
118,7965257
119,5910737
120,8656013
121,236838
122,6377624
123,1938428
124,478421
125,3144126
126,2053123
127,3819371
128,5004528
129,7837905
130,9902835
131,6730254
132,8959213
133,4308959
134,1481391
135,850401
136,8650330
137,6087215
138,4358976
139,3317801
140,3183031
141,7117867
142,9901917
143,4622905
144,9834838
145,1812455
146,9989439
147,8033872
148,2735686
149,5984754
150,1758156
151,5718047
152,8536873
153,2848110
154,7658555
155,4911911
156,7638326
157,577993
158,6666942
159,3599105
160,7767439
161,3466001
162,8227680
163,4670594
164,1780873
165,9734026
166,9424167
167,1406775
168,7601331
169,9062570
170,8243771
171,8495349
172,8113533
173,2222120
174,3397488
175,2033520
176,329563
177,306341
178,28585
179,6331784
180,5126721
181,8924304
182,2347339
183,8155752
184,8358094
185,2339198
186,8500748
187,4467619
188,5776024
189,5535451
190,7668470
191,1467803
192,7435997
193,8325339
194,6096337
195,6451004
196,3780080
197,3807773
198,1930822
199,4948943
200,2920920
201,2643827
202,6188727
203,7110847
204,3556457
205,4208929
206,5816022
207,4207617
208,6488980
209,5839848
210,3413146
211,5695575
212,4351430
213,1366064
214,9390161
215,7470196
216,450167
217,4820600
218,2481961
219,4045667
220,6378321
221,8918910
222,2811068
223,3019186
224,9751395
225,7474310
226,4680964
227,6818513
228,225048
229,8481702
230,9578647
231,9484481
232,4081488
233,2942586
234,6719415
235,6480574
236,3534170
237,1373636
238,640430
239,118741
240,1245347
241,9831545
242,5878522
243,6675694
244,2172206
245,8195645
246,1652825
247,7000671
248,4057634
249,6374994
250,2980439
251,9860199
252,1066194
253,2448611
254,6006157
255,5822565
256,6979895
257,9122701
258,3611342
259,6851373
260,2449598
261,511646
262,7813345
263,6889087
264,8235049
265,9776570
266,8511446
267,9896568
268,4137957
269,7885287
270,5788327
271,5243299
272,7619474
273,2907846
274,7778921
275,3356435
276,9115909
277,635111
278,486134
279,4407173
280,3433908
281,386617
282,8704426
283,3033256
284,3797273
285,8602855
286,2751502
287,7610880
288,3602939
289,5269316
290,8094507
291,5834477
292,4524795
293,9059316
294,7427711
295,9295125
296,5307627
297,2241392
298,9277457
299,4694989
300,1285983
301,4175319
302,9568915
303,7101321
304,9480699
305,4861158
306,40067
307,95588
308,2795623
309,629015
310,8690208
311,11847
312,5456736
313,6833900
314,2541234
315,2647694
316,3313631
317,2812484
318,4160708
319,5621417
320,375499
321,2178755
322,9411232
323,594926
324,9710202
325,8747480
326,3570493
327,4287602
328,1144384
329,4456341
330,2325032
331,9607724
332,4200701
333,9595637
334,1106839
335,769766
336,6673344
337,1798574
338,1083802
339,3529204
340,2922283
341,760580
342,2862858
343,4806084
344,6558135
345,8143960
346,6531031
347,4910758
348,2906588
349,4263355
350,5550849
351,2659734
352,2604258
353,8793628
354,2147716
355,4146091
356,3125602
357,4604882
358,7882849
359,2448113
360,784559
361,1068098
362,3817273
363,9228597
364,5379180
365,1190257
366,3610866
367,9517033
368,2242970
369,3252330
370,8241118
371,8374133
372,8463247
373,9906210
374,2771288
375,3451296
376,2222021
377,8876627
378,8231596
379,5505993
380,6708451
381,8243284
382,9703924
383,6398272
384,3480908
385,9898643
386,1999255
387,1649932
388,7410986
389,9436821
390,1355604
391,7569310
392,1164903
393,8273639
394,1133971
395,2979258
396,2691783
397,6528775
398,5712952
399,8745955
400,4597325
401,7495465
402,6798771
403,1987776
404,9200924
405,5513972
406,278469
407,975453
408,9986946
409,316616
410,2613674
411,3582024
412,3456990
413,4742623
414,2885779
415,2174972
416,5439801
417,8283695
418,5358624
419,8905936
420,8523124
421,7847568
422,6022553
423,8451547
424,3904893
425,1652706
426,6169992
427,8698300
428,6944295
429,8094212
430,281545
431,7050627
432,3189682
433,2225301
434,7822862
435,5686981
436,7910334
437,1165560
438,7781382
439,151680
440,1844642
441,7155546
442,6746707
443,247556
444,5384979
445,6750120
446,8492485
447,3208676
448,3784582
449,7438959
450,6632287
451,5071947
452,9025431
453,832917
454,4671945
455,5198279
456,1214127
457,5458145
458,8297973
459,3224960
460,5393191
461,7352940
462,2922839
463,2899100
464,453138
465,7116015
466,296511
467,853707
468,2648290
469,733361
470,7546681
471,7509063
472,6762948
473,6990001
474,7793825
475,9701912
476,7289097
477,3419386
478,8285210
479,4615322
480,255969
481,8317802
482,1200666
483,3685795
484,9659674
485,2786468
486,4025821
487,7958278
488,984379
489,4646147
490,6919503
491,127962
492,4990753
493,5797346
494,3019771
495,6966682
496,797470
497,9761716
498,5014963
499,101020
500,4511642
501,3742763
502,2495655
503,1038179
504,4056549
505,9109999
506,4169321
507,1017010
508,6153291
509,1581036
510,1192478
511,1346838
512,5550116
513,5806770
514,4251699
515,2651242
516,7937577
517,8432518
518,6807803
519,6092100
520,3228918
521,5993770
522,7294927
523,2871680
524,2180202
525,3811891
526,3001505
527,6570300
528,348730
529,2858051
530,197624
531,9799457
532,7592751
533,8218425
534,5792869
535,7837724
536,7441540
537,3856305
538,920112
539,2053934
540,4030893
541,6677736
542,5781998
543,6337792
544,7544051
545,6637387
546,9468472
547,863746
548,7183668
549,7084614
550,6573279
551,5459333
552,1786367
553,8256328
554,5972878
555,2854992
556,452508
557,6996752
558,6258278
559,8294889
560,3754891
561,1366063
562,5804181
563,9724426
564,9718297
565,769964
566,1639971
567,7878320
568,5255565
569,1209965
570,7382481
571,7517280
572,4753505
573,3097096
574,4555695
575,8677095
576,5943894
577,4698249
578,4501428
579,735050
580,3863942
581,7791341
582,4643352
583,7394187
584,9389153
585,2592080
586,9099372
587,8760916
588,7128343
589,6415311
590,5933267
591,876529
592,3570777
593,4022956
594,4942789
595,7443964
596,6095055
597,7057263
598,3390923
599,9677626
600,5609515
601,670181
602,4474683
603,3357001
604,1423023
605,8464733
606,5704772
607,5252734
608,8166537
609,8303168
610,6741253
611,2180124
612,9194580
613,1980423
614,1778403
615,531832
616,6164270
617,6740858
618,9499495
619,6790024
620,7410092
621,9060831
622,40710
623,9893588
624,4258208
625,6702855
626,4089026
627,7218734
628,2257502
629,8502172
630,3443788
631,10539
632,917269
633,1474553
634,7043295
635,7652698
636,3684473
637,8964731
638,9312154
639,5251637
640,4413300
641,7683383
642,4756979
643,9383910
644,1216771
645,9455439
646,2559642
647,8494445
648,4313521
649,2210261
650,2176698
651,5669072
652,7507363
653,9491613
654,4040288
655,5431685
656,6357784
657,1426101
658,2909544
659,861754
660,9305743
661,2574287
662,5660682
663,172305
664,7045650
665,8818997
666,8088720
667,9340704
668,6869892
669,4010291
670,4421034
671,4530106
672,4124780
673,67112
674,6151363
675,1212296
676,6488041
677,5727695
678,5224481
679,6523943
680,6452902
681,4919115
682,1192632
683,9560885
684,5411043
685,1806204
686,9582922
687,938692
688,5306991
689,955552
690,6080729
691,2641134
692,9857038
693,7169737
694,203257
695,8633365
696,4024925
697,2092111
698,5142972
699,1657732
700,1477161
701,102238
702,1332357
703,7196061
704,224027
705,4253228
706,7266865
707,6003821
708,2311403
709,8500681
710,3049639
711,973375
712,2118836
713,121422
714,1624590
715,1805728
716,3991865
717,8367729
718,747556
719,9542086
720,9196008
721,586547
722,9287418
723,3518935
724,8199640
725,8288015
726,409533
727,8989477
728,1109202
729,6006278
730,2632285
731,5298890
732,9153559
733,9293779
734,9614196
735,9934957
736,8864195
737,2139599
738,9173549
739,2355129
740,6830641
741,5435475
742,1021141
743,578872
744,6955085
745,1344985
746,2110992
747,2366066
748,1132415
749,6158892
750,9525123
751,3726509
752,2692156
753,9010489
754,1134489
755,8696768
756,3020892
757,4798015
758,5837449
759,84530
760,8988912
761,2701151
762,432879
763,221382
764,2304569
765,9411332
766,4311689
767,9523006
768,3383743
769,6884980
770,5793281
771,9668404
772,1202109
773,585054
774,92613
775,393815
776,5453183
777,1470807
778,13367
779,6400015
780,839703
781,1008190
782,9994343
783,8178014
784,4234146
785,6958623
786,2459924
787,1062362
788,7231879
789,4554822
790,2994967
791,1615070
792,1540921
793,6815118
794,3584909
795,5829006
796,9404166
797,1067971
798,9180893
799,8784006
800,8239916
801,6482313
802,2659731
803,4528110
804,6838691
805,7515019
806,5927855
807,4934047
808,3015173
809,2936673
810,4644715
811,5483392
812,4804204
813,7357659
814,9292985
815,4781203
816,2051572
817,8391344
818,5962285
819,7353383
820,4235956
821,3370859
822,3681725
823,995314
824,6154376
825,1991831
826,1857228
827,2203310
828,8368323
829,9895832
830,653607
831,1486146
832,7091494
833,4941114
834,4840968
835,9772271
836,4038900
837,6013942
838,375261
839,2768765
840,3072422
841,9298696
842,4310917
843,7105539
844,3481574
845,6034857
846,709948
847,6418600
848,4448678
849,6295865
850,1978857
851,2580585
852,4640763
853,6236772
854,2796198
855,9668002
856,5843680
857,3636810
858,8205661
859,1130095
860,1652042
861,6684297
862,9406214
863,9591195
864,5400795
865,805413
866,3299599
867,4056073
868,7280424
869,5000865
870,9728826
871,2275487
872,1096615
873,9984130
874,8442418
875,8255128
876,6351372
877,4505285
878,8054886
879,4087638
880,411195
881,6785592
882,8463851
883,3759940
884,3571745
885,5685916
886,7322461
887,5165996
888,8404064
889,4332590
890,6701610
891,9378808
892,6386206
893,5947434
894,4328263
895,5230680
896,4440118
897,2318638
898,1579863
899,8203979
900,9063725
901,5840238
902,635149
903,8646531
904,4822522
905,5527772
906,5049135
907,387335
908,9985407
909,1443904
910,939928
911,4216504
912,7513348
913,3452962
914,2846439
915,4116297
916,3413794
917,1334021
918,4346263
919,8875582
920,239727
921,5853553
922,8810694
923,6015596
924,7459298
925,7867742
926,286805
927,4369574
928,2219180
929,7295427
930,6085522
931,2680373
932,5349182
933,7174246
934,7695728
935,6272668
936,8628946
937,7284628
938,638461
939,8786213
940,2622383
941,6474246
942,8262071
943,4978575
944,3715407
945,9100151
946,2235357
947,7370650
948,9612377
949,7784694
950,9738606
951,1996490
952,651680
953,443631
954,8260307
955,7881935
956,831197
957,4777605
958,5823992
959,1260636
960,5717694
961,2610530
962,3969641
963,7953079
964,8419438
965,2483352
966,6636576
967,7137558
968,8404170
969,7991360
970,7089532
971,1148887
972,2491388
973,3591755
974,3699285
975,9191817
976,8898134
977,4061337
978,629997
979,6795724
980,6054438
981,4202061
982,9151207
983,2581379
984,5198984
985,6838942
986,7116628
987,9166565
988,8943227
989,4182954
990,6811634
991,9485338
992,2767014
993,8746917
994,6552176
995,5299105
996,4868831
997,4423354
998,9935251
999,4847871
1000,6996642
1001,3409782
1002,7995501
1003,9006096
1004,2167590
1005,5760339
1006,1792581
1007,5664277
1008,8104789
1009,1597048
1010,740302
1011,2157196
1012,9361457
1013,4129699
1014,5107803
1015,5700639
1016,9685532
1017,7567997
1018,1887533
1019,7504776
1020,6240272
1021,6257056
1022,7527131
1023,8324662
1024,3088181
1025,3419140
1026,6759594
1027,1233617
1028,8342037
1029,7670782
1030,9578142
1031,2494318
1032,638258
1033,9738471
1034,9975644
1035,4280616
1036,5303972
1037,9797256
1038,1995433
1039,8017667
1040,676032
1041,4773066
1042,6268171
1043,9825820
1044,3373121
1045,3119266
1046,2689197
1047,6960778
1048,3179896
1049,5663992
1050,3558609
1051,2513808
1052,2461434
1053,6097917
1054,8501654
1055,4204170
1056,1955890
1057,7729053
1058,5862819
1059,930448
1060,576296
1061,9656136
1062,8817523
1063,6326188
1064,6695239
1065,8095939
1066,643143
1067,1940249
1068,4002987
1069,8488637
1070,8783095
1071,1266253
1072,669534
1073,8680210
1074,70634
1075,7191810
1076,655630
1077,320158
1078,5982209
1079,7478081
1080,9946901
1081,9903668
1082,2776903
1083,4321739
1084,1612690
1085,2130046
1086,4975115
1087,6402778
1088,1156020
1089,3147208
1090,4731260
1091,7486588
1092,5198283
1093,9272880
1094,9311251
1095,8657093
1096,9234478
1097,8623046
1098,756756
1099,632006
1100,8119122
1101,3521411
1102,4858319
1103,9279214
1104,1633184
1105,2711650
1106,3041010
1107,477095
1108,3617658
1109,9406634
1110,474211
1111,1366126
1112,6625678
1113,7769938
1114,6238337
1115,7339933
1116,2226016
1117,783518
1118,2608928
1119,202777
1120,6341070
1121,272649
1122,8449765
1123,9969137
1124,7946180
1125,2423627
1126,4951299
1127,4499364
1128,5968826
1129,2818635
1130,2490968
1131,6520380
1132,3688080
1133,3203750
1134,8856504
1135,8708516
1136,8080525
1137,59923
1138,4599392
1139,9283120
1140,9574121
1141,7533809
1142,6701212
1143,2819020
1144,4887798
1145,3623826
1146,7747991
1147,9841833
1148,3194358
1149,7735504
1150,1682575
1151,498962
1152,9664015
1153,8298537
1154,6405698
1155,7395591
1156,8339717
1157,7550774
1158,2295623
1159,265904
1160,4996007
1161,5115775
1162,249300
1163,3132398
1164,7159263
1165,8683122
1166,1086463
1167,3858064
1168,3809384
1169,5518857
1170,8123144
1171,2471355
1172,3158456
1173,8612700
1174,3648572
1175,6697297
1176,9817191
1177,7166470
1178,7979673
1179,6803147
1180,6034538
1181,9402482
1182,2615830
1183,7104980
1184,602106
1185,7804464
1186,354858
1187,3762886
1188,6813799
1189,6353222
1190,3348596
1191,8053
1192,4214127
1193,4908349
1194,3017283
1195,2869776
1196,5270126
1197,1521651
1198,9345741
1199,3060316
1200,7689043
1201,7408106
1202,7978856
1203,1759213
1204,2086085
1205,6934757
1206,914447
1207,3738530
1208,6154282
1209,8696052
1210,6118937
1211,8172425
1212,3963974
1213,4481179
1214,9560000
1215,9245910
1216,4789997
1217,8442506
1218,996416
1219,9596125
1220,3860811
1221,5846510
1222,9906865
1223,9630841
1224,6838589
1225,388220
1226,8231390
1227,48503
1228,1837628
1229,7634
1230,7588483
1231,838264
1232,7429243
1233,3821935
1234,4588568
1235,4890406
1236,9659992
1237,6949815
1238,6084344
1239,1355103
1240,4452688
1241,8225794
1242,7097306
1243,6377250
1244,5044953
1245,8026316
1246,2986084
1247,5077910
1248,6073194
1249,9376697
1250,4024407
1251,8192340
1252,1022013
1253,5617718
1254,8151997
1255,821206
1256,4451157
1257,8472164
1258,9852095
1259,5162348
1260,1083932
1261,2535462
1262,303306
1263,5593974
1264,6906513
1265,1812446
1266,3394503
1267,2343147
1268,5582201
1269,468215
1270,5716378
1271,5464976
1272,9738657
1273,9520721
1274,241676
1275,4900484
1276,5375124
1277,6711947
1278,1380664
1279,8087551
1280,4851057
1281,3911479
1282,8578715
1283,9824019
1284,4041814
1285,2956185
1286,1004212
1287,5590749
1288,6799668
1289,361989
1290,6222889
1291,5868210
1292,6533821
1293,9605765
1294,2102425
1295,4248708
1296,6947317
1297,5846715
1298,8761536
1299,1604457
1300,659095
1301,4201535
1302,6473724
1303,7500656
1304,7031362
1305,618252
1306,543616
1307,6160272
1308,4411111
1309,2871031
1310,2729666
1311,6555540
1312,933257
1313,7543359
1314,1724412
1315,7144805
1316,7605519
1317,6969381
1318,5742765
1319,1137330
1320,8663366
1321,534572
1322,9799958
1323,4747557
1324,1084729
1325,6759952
1326,6790709
1327,9360285
1328,9681591
1329,3984005
1330,5651406
1331,437596
1332,301226
1333,7139678
1334,2546900
1335,1757292
1336,7489113
1337,5607548
1338,9094188
1339,3629177
1340,2035415
1341,9654043
1342,4983489
1343,2310581
1344,3960639
1345,7781273
1346,9277206
1347,1357426
1348,975204
1349,7396925
1350,2253290
1351,3236165
1352,1319637
1353,7056396
1354,2350253
1355,3790288
1356,6690334
1357,7844769
1358,9483385
1359,3116659
1360,8062371
1361,8967816
1362,8180861
1363,3281568
1364,3597630
1365,2212328
1366,9145717
1367,9525033
1368,2591500
1369,7453320
1370,6620702
1371,9426766
1372,8996685
1373,5898014
1374,1195653
1375,4872221
1376,8491215
1377,6764035
1378,2411536
1379,1279268
1380,16257
1381,521954
1382,606909
1383,2580766
1384,1402262
1385,6866548
1386,8261273
1387,8252271
1388,2054771
1389,2733955
1390,63984
1391,5649462
1392,4582911
1393,5628490
1394,5068424
1395,1133432
1396,7493216
1397,3566047
1398,8220163
1399,6924747
1400,2767421
1401,6594380
1402,5330305
1403,537934
1404,4408722
1405,3592960
1406,2811185
1407,6190918
1408,3597442
1409,7551448
1410,4005238
1411,9009498
1412,6891601
1413,4787221
1414,6552723
1415,2394884
1416,1970633
1417,353538
1418,6497979
1419,2570430
1420,5733154
1421,9717691
1422,1680096
1423,4265643
1424,4134578
1425,735471
1426,8936663
1427,5727491
1428,1913190
1429,8280170
1430,9263755
1431,2237721
1432,2872946
1433,7618577
1434,8062522
1435,1771283
1436,8135904
1437,5184702
1438,6979298
1439,7123392
1440,8978662
1441,1509971
1442,6486947
1443,1850889
1444,9829667
1445,2712411
1446,3816850
1447,8496289
1448,2881793
1449,679139
1450,6924494
1451,4406749
1452,5007296
1453,1033724
1454,5254540
1455,5501530
1456,2015078
1457,7008636
1458,6924348
1459,8240479
1460,4212136
1461,9669064
1462,859599
1463,125481
1464,6781790
1465,8593071
1466,1380865
1467,5473237
1468,332908
1469,9262125
1470,5374837
1471,964412
1472,2605166
1473,2073344
1474,5400628
1475,4310004
1476,6772655
1477,7967013
1478,2006390
1479,619515
1480,3128629
1481,2401274
1482,2898336
1483,8169501
1484,2301981
1485,8737110
1486,2804076
1487,2937989
1488,801825
1489,9934391
1490,7996675
1491,167460
1492,6230981
1493,3247717
1494,3032731
1495,328890
1496,1701443
1497,5839669
1498,5338673
1499,1863224
1500,7793341
1501,2950190
1502,5553527
1503,8960816
1504,9534570
1505,5355208
1506,7704089
1507,2964618
1508,4408998
1509,5000008
1510,2362923
1511,8068608
1512,3072398
1513,7561897
1514,8145732
1515,1437170
1516,8742321
1517,4692320
1518,231592
1519,9314999
1520,9854141
1521,1128649
1522,6249383
1523,5775935
1524,7842339
1525,9673282
1526,8992295
1527,6532871
1528,3403281
1529,9810426
1530,3550500
1531,2135647
1532,2062561
1533,8762362
1534,5214990
1535,9395857
1536,4991049
1537,338362
1538,5257086
1539,1346048
1540,9392351
1541,3654782
1542,4512335
1543,6052246
1544,9402660
1545,2389505
1546,6998148
1547,8879131
1548,2864593
1549,6336086
1550,5085620
1551,9747796
1552,7648835
1553,8153079
1554,3309910
1555,8739794
1556,2073374
1557,2781751
1558,7637554
1559,6842287
1560,3899685
1561,5004841
1562,8444786
1563,9157157
1564,4043131
1565,8737781
1566,4278765
1567,8446771
1568,8155856
1569,5208608
1570,650513
1571,6920281
1572,8595926
1573,1694568
1574,9480240
1575,8272663
1576,1901553
1577,9665063
1578,8225945
1579,8979199
1580,5075415
1581,5816699
1582,1436932
1583,9037432
1584,4549957
1585,6007331
1586,1697082
1587,7092086
1588,3288337
1589,4304586
1590,8143903
1591,4167141
1592,5393480
1593,5473632
1594,2336791
1595,359652
1596,7174591
1597,5436810
1598,7890806
1599,2957909
1600,7092750
1601,9602293
1602,770827
1603,6055326
1604,9748236
1605,1070323
1606,5624916
1607,3639059
1608,3895008
1609,8007419
1610,9853682
1611,7324406
1612,1781606
1613,5407571
1614,120580
1615,9311017
1616,560430
1617,3272123
1618,383298
1619,2807187
1620,2986539
1621,2495026
1622,520144
1623,971608
1624,9593725
1625,1750666
1626,5542239
1627,8615878
1628,6855143
1629,5998789
1630,9976719
1631,5619049
1632,3660953
1633,7343513
1634,2038507
1635,8464765
1636,3998584
1637,709791
1638,9812001
1639,4367684
1640,8154735
1641,2963744
1642,7252125
1643,4789579
1644,4782619
1645,1840449
1646,3749911
1647,433830
1648,8829069
1649,7510640
1650,3915868
1651,6855485
1652,9427366
1653,436188
1654,3159765
1655,7228198
1656,3710011
1657,20599
1658,4178161
1659,4832494
1660,6140217
1661,5762274
1662,5748735
1663,5603146
1664,54086
1665,3287475
1666,3118217
1667,6527999
1668,1217017
1669,2671020
1670,4662597
1671,2758405
1672,5045982
1673,3634409
1674,2103002
1675,4888777
1676,6813819
1677,2628342
1678,2459337
1679,5273508
1680,9898348
1681,5950638
1682,3074166
1683,1152527
1684,1391948
1685,3691533
1686,335092
1687,6942864
1688,1848857
1689,691283
1690,9939206
1691,2295667
1692,6220169
1693,4578502
1694,657703
1695,7308607
1696,7136628
1697,4430349
1698,5939775
1699,6359357
1700,998501
1701,4686574
1702,463584
1703,630053
1704,7585773
1705,7335222
1706,6276115
1707,6098574
1708,7521053
1709,1133416
1710,8723609
1711,2878793
1712,7399354
1713,7911348
1714,7821792
1715,9119180
1716,2247379
1717,2540366
1718,6430334
1719,8975349
1720,3106834
1721,3726261
1722,2298510
1723,1175239
1724,1493184
1725,9758306
1726,1349326
1727,3220832
1728,4845032
1729,5364675
1730,169385
1731,3370701
1732,2247336
1733,5154171
1734,4582829
1735,9984375
1736,2566077
1737,2579084
1738,9451529
1739,5220535
1740,2385853
1741,184799
1742,4916866
1743,3095294
1744,4176542
1745,9948915
1746,6738202
1747,1148829
1748,4124273
1749,787980
1750,710373
1751,7865477
1752,6428971
1753,6443211
1754,6199185
1755,668098
1756,4400678
1757,6267965
1758,4217132
1759,8621494
1760,5169926
1761,6196611
1762,1288800
1763,169091
1764,2659402
1765,1901805
1766,4652466
1767,3845691
1768,4192024
1769,8883032
1770,4025410
1771,3384291
1772,6665331
1773,9773832
1774,3350443
1775,238832
1776,9084766
1777,7131567
1778,6304915
1779,4167539
1780,8950817
1781,7613279
1782,5276781
1783,6765478
1784,6159579
1785,5371874
1786,2523965
1787,1990332
1788,4866960
1789,2481401
1790,4188747
1791,2206766
1792,8326327
1793,4523549
1794,409801
1795,9763427
1796,1516554
1797,9691050
1798,7497116
1799,4677048
1800,9117477
1801,5860226
1802,5674459
1803,9691876
1804,9182925
1805,5355906
1806,8683374
1807,2188769
1808,5847989
1809,4535712
1810,9565945
1811,2321845
1812,3830050
1813,9432256
1814,659676
1815,5046806
1816,9125783
1817,8051471
1818,4274145
1819,6233395
1820,1574320
1821,4256385
1822,3233409
1823,5066806
1824,5140711
1825,5295046
1826,2015386
1827,6756388
1828,3007044
1829,1201346
1830,4056231
1831,3146925
1832,4930596
1833,3656328
1834,3965443
1835,5474299
1836,5162997
1837,4555158
1838,4544550
1839,1108167
1840,7478336
1841,4063027
1842,7267596
1843,6627700
1844,5796433
1845,1303277
1846,2987583
1847,2348201
1848,9203594
1849,4908182
1850,8369347
1851,6614955
1852,9447631
1853,9657904
1854,3638563
1855,3499530
1856,6433113
1857,3163855
1858,6956384
1859,3405965
1860,7255967
1861,7925829
1862,8676214
1863,1788622
1864,712775
1865,9573373
1866,5349395
1867,673707
1868,6465858
1869,5399085
1870,7720061
1871,2681711
1872,2395209
1873,2125962
1874,3936486
1875,5891522
1876,2492605
1877,1504688
1878,9721735
1879,1800869
1880,9529224
1881,2529113
1882,9209189
1883,8835016
1884,9391337
1885,6613853
1886,3617961
1887,5892734
1888,257898
1889,5732813
1890,5792147
1891,5522918
1892,1429357
1893,8375401
1894,7449801
1895,2307769
1896,3332667
1897,2258352
1898,7817651
1899,8201525
1900,9302721
1901,7607590
1902,9700032
1903,5833270
1904,3043889
1905,7411546
1906,735620
1907,1866854
1908,1289715
1909,4518477
1910,9817116
1911,7228138
1912,7292704
1913,1751621
1914,3566898
1915,1831257
1916,5531766
1917,3484167
1918,6150339
1919,6616636
1920,3258447
1921,5657473
1922,5909914
1923,6432804
1924,5138017
1925,8994976
1926,8359397
1927,902928
1928,5210621
1929,3375464
1930,4190724
1931,7115308
1932,8597040
1933,6401616
1934,5543842
1935,1494257
1936,6471036
1937,9115492
1938,9780098
1939,4970459
1940,7445130
1941,6500067
1942,621833
1943,7711397
1944,2277295
1945,1880980
1946,7818693
1947,7066860
1948,6492902
1949,3561978
1950,6706680
1951,1701093
1952,3385876
1953,31186
1954,9815905
1955,2594323
1956,4634219
1957,6740322
1958,9161399
1959,3122988
1960,9066704
1961,6317474
1962,6920618
1963,4317675
1964,2954614
1965,4150298
1966,6732645
1967,9809831
1968,1883537
1969,3735562
1970,1533354
1971,2618854
1972,5469066
1973,9732291
1974,8705930
1975,5295495
1976,1838436
1977,826087
1978,6476264
1979,370897
1980,1789188
1981,6419263
1982,9026866
1983,4142640
1984,5339950
1985,3898963
1986,7920013
1987,201824
1988,6985355
1989,2604925
1990,2836601
1991,5832620
1992,9141035
1993,5828708
1994,8876123
1995,3930088
1996,9543698
1997,5546542
1998,6372451
1999,9987389
2000,1863280
2001,1872570
2002,2854577
2003,1238145
2004,4615774
2005,4455939
2006,8572561
2007,2734331
2008,302535
2009,5152263
2010,8010318
2011,2375063
2012,7838997
2013,548794
2014,7972997
2015,3259778
2016,372178
2017,8148180
2018,5387862
2019,3000577
2020,2019739
2021,2114595
2022,7880823
2023,5037056
2024,1651070
2025,254596
2026,1118956
2027,1444939
2028,7370812
2029,1425837
2030,4629271
2031,924664
2032,6266757
2033,1225467
2034,2114623
2035,3044648
2036,6750399
2037,1211619
2038,7003616
2039,3993393
2040,5109604
2041,3546988
2042,6263766
2043,2664987
2044,7326900
2045,3271072
2046,2550702
2047,9160448
2048,9047231
2049,2080226
2050,2241097
2051,8991512
2052,5788778
2053,7059798
2054,7114080
2055,6692625
2056,5486113
2057,9780149
2058,9161151
2059,5277295
2060,3194573
2061,9821624
2062,2654699
2063,2252022
2064,1323264
2065,2832507
2066,4992988
2067,4820875
2068,4286779
2069,7804183
2070,2909713
2071,3488776
2072,1196995
2073,8673809
2074,3185758
2075,1753981
2076,1797652
2077,8712793
2078,4547576
2079,2886347
2080,7444860
2081,3102075
2082,7061575
2083,9441679
2084,5538218
2085,8350497
2086,6629144
2087,3430763
2088,1518019
2089,4369137
2090,198455
2091,1044958
2092,7360583
2093,4449086
2094,4543701
2095,5196599
2096,5052120
2097,8981749
2098,3148415
2099,2531847
2100,524583
2101,100252
2102,830180
2103,2606614
2104,1176965
2105,1324949
2106,5830080
2107,6987355
2108,3161126
2109,5399618
2110,6759701
2111,4870580
2112,4517137
2113,6277746
2114,5667167
2115,5892878
2116,3691608
2117,6482519
2118,1464103
2119,9743840
2120,6391380
2121,1094762
2122,7080712
2123,6580442
2124,1651411
2125,1936101
2126,2281556
2127,2578150
2128,3210057
2129,5174542
2130,3907488
2131,1085618
2132,4346853
2133,9232720
2134,5615727
2135,4019674
2136,8521219
2137,715436
2138,1496881
2139,4936354
2140,8778154
2141,5179157
2142,5219975
2143,9717820
2144,4034790
2145,974630
2146,7532305
2147,216456
2148,9142773
2149,4719232
2150,4985206
2151,5901088
2152,1080687
2153,1817223
2154,8778973
2155,1539662
2156,4364679
2157,4114094
2158,2077996
2159,513674
2160,6296609
2161,1717280
2162,2502348
2163,8043956
2164,8093856
2165,2526070
2166,2542355
2167,4346689
2168,8107330
2169,2443362
2170,1742466
2171,1479596
2172,1043245
2173,737578
2174,1308868
2175,7042982
2176,7478675
2177,6964464
2178,9084272
2179,9560802
2180,963498
2181,3699184
2182,4591144
2183,5952522
2184,2426085
2185,9963792
2186,5579566
2187,6617696
2188,3040786
2189,46130
2190,97295
2191,7273235
2192,5406995
2193,388840
2194,9381479
2195,5327970
2196,3892435
2197,3359446
2198,3812018
2199,8102262
2200,7715921
2201,2218971
2202,9747139
2203,7070575
2204,6984366
2205,3135780
2206,2921470
2207,6803364
2208,7666576
2209,5671727
2210,578181
2211,7829196
2212,104621
2213,731053
2214,4298943
2215,4870109
2216,2646218
2217,1703722
2218,2068057
2219,5173862
2220,8418388
2221,1273698
2222,1818666
2223,1269412
2224,3931223
2225,8446098
2226,7681458
2227,8708224
2228,8259285
2229,9691005
2230,9210911
2231,5138774
2232,1954384
2233,6321021
2234,4138233
2235,4149847
2236,5390382
2237,5780301
2238,3289250
2239,729513
2240,2562983
2241,4240048
2242,4719967
2243,1998825
2244,4383648
2245,5534912
2246,2215837
2247,1915434
2248,5790242
2249,2117256
2250,3053702
2251,2894747
2252,2199514
2253,8469076
2254,6956842
2255,2044818
2256,4661051
2257,6366745
2258,9260214
2259,7191163
2260,5145750
2261,8406413
2262,970172
2263,3231904
2264,7063423
2265,456649
2266,3314372
2267,1836689
2268,2519181
2269,5338771
2270,842710
2271,596692
2272,3195916
2273,6430066
2274,4638680
2275,5448998
2276,9160704
2277,2864148
2278,582679
2279,9645676
2280,3219789
2281,2128989
2282,1664817
2283,6424167
2284,3023872
2285,8547228
2286,1883721
2287,6099004
2288,5203742
2289,2584587
2290,3639401
2291,4801845
2292,6472944
2293,1123698
2294,3892865
2295,1903157
2296,4820992
2297,9243489
2298,308082
2299,5545974
2300,6118754
2301,589218
2302,8213990
2303,6089098
2304,19707
2305,39783
2306,7208573
2307,2399295
2308,7181988
2309,5300904
2310,8175788
2311,7480666
2312,5333009
2313,4915037
2314,6459019
2315,5796176
2316,5794002
2317,9682477
2318,1839909
2319,4574470
2320,1220057
2321,1557031
2322,6328859
2323,303742
2324,7489061
2325,5181053
2326,4237416
2327,8486651
2328,4254643
2329,1579664
2330,6994926
2331,7412997
2332,565258
2333,3763893
2334,7825582
2335,1312042
2336,1811581
2337,1664128
2338,3115417
2339,6188438
2340,6319681
2341,540530
2342,4972897
2343,6801433
2344,9724137
2345,2095930
2346,1083136
2347,5976430
2348,4245175
2349,7457935
2350,7446793
2351,5503608
2352,7817574
2353,399715
2354,6829762
2355,1444931
2356,6036355
2357,6891551
2358,1174150
2359,1913904
2360,1124694
2361,6214055
2362,7242046
2363,67418
2364,7314028
2365,3191336
2366,4219186
2367,1180751
2368,1571899
2369,4663831
2370,5300718
2371,3411455
2372,2253209
2373,9213814
2374,8315033
2375,3119612
2376,9486271
2377,3387989
2378,9779295
2379,7106390
2380,1493322
2381,5357896
2382,5985723
2383,853413
2384,4809350
2385,677889
2386,1521623
2387,7052313
2388,1564055
2389,4212993
2390,8573870
2391,6469610
2392,1477516
2393,4535321
2394,9515269
2395,7869009
2396,2563029
2397,2882738
2398,7471926
2399,925017
2400,3416689
2401,1214894
2402,6170832
2403,7965293
2404,725385
2405,6422952
2406,3832287
2407,548107
2408,3613858
2409,3639933
2410,9635937
2411,8170462
2412,4985395
2413,110109
2414,8463050
2415,4905868
2416,5925455
2417,2042024
2418,1661343
2419,6754792
2420,1970728
2421,4981153
2422,1945568
2423,8725416
2424,5163904
2425,3155032
2426,1822922
2427,6444361
2428,7835283
2429,4988774
2430,5968962
2431,500602
2432,4253492
2433,3849643
2434,6736967
2435,1991717
2436,1841380
2437,7664234
2438,6036278
2439,2108300
2440,3654988
2441,4835425
2442,8076522
2443,7291793
2444,9079529
2445,1060263
2446,6958904
2447,4023516
2448,2330200
2449,9604767
2450,5002534
2451,9428290
2452,5155602
2453,8208714
2454,2407175
2455,1987612
2456,4663947
2457,1874971
2458,9911112
2459,9709843
2460,9036465
2461,9878955
2462,3177265
2463,2785113
2464,2029601
2465,6112060
2466,340484
2467,4288720
2468,8324090
2469,1056130
2470,6740839
2471,5467353
2472,2920150
2473,5446370
2474,9575744
2475,6782168
2476,2181246
2477,9623012
2478,6382285
2479,5239464
2480,1383899
2481,2680299
2482,6330890
2483,4491032
2484,7730852
2485,4096597
2486,5446610
2487,593592
2488,5753998
2489,1797808
2490,6578949
2491,4236999
2492,6745110
2493,9968181
2494,8440631
2495,2322930
2496,5739390
2497,5746950
2498,8012007
2499,1733622
2500,2447255
2501,8051469
2502,4893107
2503,5112074
2504,1570204
2505,7512744
2506,1770376
2507,1038222
2508,9749609
2509,4525579
2510,9854365
2511,535268
2512,1709516
2513,1808220
2514,3427331
2515,5941446
2516,233516
2517,3778912
2518,4270131
2519,285836
2520,232920
2521,2931318
2522,1429983
2523,4073973
2524,8115316
2525,4824140
2526,3728462
2527,4745541
2528,8471053
2529,1058301
2530,5985716
2531,6159001
2532,698078
2533,9798935
2534,3909046
2535,4984775
2536,6125349
2537,4733883
2538,2963930
2539,6006630
2540,8783773
2541,5076817
2542,2666008
2543,2107046
2544,7683749
2545,7641790
2546,6542940
2547,3079760
2548,7618263
2549,3755556
2550,1495942
2551,7583191
2552,1794171
2553,3354327
2554,8420114
2555,3419493
2556,5064557
2557,6676665
2558,4652385
2559,8527989
2560,5049488
2561,2762479
2562,4280653
2563,7882201
2564,494274
2565,7701240
2566,4929598
2567,4365636
2568,7051101
2569,8130719
2570,9718633
2571,1665478
2572,4694016
2573,445825
2574,4516568
2575,1892024
2576,9938129
2577,7036205
2578,7920225
2579,5456501
2580,925318
2581,3722577
2582,5817812
2583,4105156
2584,2667759
2585,2604889
2586,2831907
2587,6008365
2588,5082479
2589,4343927
2590,4816877
2591,2865794
2592,4953117
2593,1263184
2594,3613341
2595,1246423
2596,6424142
2597,9600833
2598,1039183
2599,5461367
2600,7507462
2601,8289398
2602,5222056
2603,8315118
2604,9148264
2605,7834388
2606,2717049
2607,3847253
2608,1476935
2609,1646264
2610,8163489
2611,4224139
2612,9068631
2613,1380313
2614,7263361
2615,6547073
2616,1323362
2617,8902278
2618,1759252
2619,3761870
2620,8396449
2621,8985217
2622,1764102
2623,8448684
2624,8197119
2625,3696509
2626,6451925
2627,1114691
2628,3472072
2629,7363822
2630,9828488
2631,652133
2632,1831918
2633,9233587
2634,2725973
2635,3075245
2636,1871471
2637,6681123
2638,9617188
2639,2682551
2640,8759782
2641,4434584
2642,4400398
2643,3885266
2644,4083030
2645,7840804
2646,1636778
2647,5501379
2648,1590704
2649,8252060
2650,5258101
2651,270493
2652,6559674
2653,8888903
2654,5977318
2655,9481384
2656,2227522
2657,4390648
2658,2773903
2659,1705004
2660,7960046
2661,4106367
2662,8029893
2663,5297778
2664,9104336
2665,4945457
2666,8338379
2667,3148181
2668,6000304
2669,3322626
2670,8515803
2671,6471016
2672,1884423
2673,9017566
2674,9672093
2675,9077632
2676,9578085
2677,8218234
2678,5820047
2679,1050479
2680,4469580
2681,9392650
2682,3441143
2683,5709802
2684,2971699
2685,3269469
2686,4493633
2687,2541429
2688,5113404
2689,1106826
2690,5490229
2691,7556819
2692,3939487
2693,3204576
2694,559924
2695,5872378
2696,7796326
2697,6172347
2698,5086393
2699,8488320
2700,3406692
2701,4391076
2702,812033
2703,9011437
2704,1856857
2705,4460929
2706,5454423
2707,9567393
2708,602451
2709,1883582
2710,4879671
2711,3474278
2712,540483
2713,6258703
2714,5497522
2715,2745823
2716,6739475
2717,6477624
2718,2975025
2719,2256792
2720,8399766
2721,2078318
2722,9683506
2723,7215439
2724,9199231
2725,4334538
2726,3162977
2727,3512373
2728,817702
2729,6704227
2730,4386733
2731,9788849
2732,1221745
2733,1580599
2734,8927239
2735,965051
2736,5733123
2737,859064
2738,1101316
2739,5384267
2740,3337834
2741,1309382
2742,638096
2743,4205011
2744,5027157
2745,8871006
2746,8965244
2747,5065321
2748,2666139
2749,971388
2750,1968409
2751,5699606
2752,9315040
2753,9530742
2754,8994103
2755,3204280
2756,3707379
2757,6981318
2758,3091088
2759,9159243
2760,5156360
2761,6365148
2762,7071838
2763,8765296
2764,3604825
2765,9720551
2766,9690275
2767,2818448
2768,9912364
2769,4562496
2770,9751926
2771,4635230
2772,9861951
2773,7745738
2774,8395362
2775,5825389
2776,5539102
2777,1780887
2778,3867410
2779,8494001
2780,6243392
2781,3433832
2782,2329135
2783,1743125
2784,728062
2785,2970922
2786,1181846
2787,2477457
2788,168167
2789,9983830
2790,4104175
2791,8450610
2792,76839
2793,6413256
2794,3948463
2795,4150530
2796,3417494
2797,2403394
2798,1928471
2799,8745287
2800,2674554
2801,2372177
2802,2525028
2803,1037381
2804,1378746
2805,9689144
2806,5595046
2807,11221
2808,5555004
2809,6826989
2810,3661740
2811,8084693
2812,5129582
2813,7374571
2814,7484148
2815,2831079
2816,5987025
2817,9576654
2818,7001780
2819,2817272
2820,8542083
2821,6571130
2822,3488678
2823,6035408
2824,6284793
2825,759307
2826,6408349
2827,9272677
2828,873537
2829,7300888
2830,3061486
2831,1569687
2832,2463242
2833,2037409
2834,5963355
2835,4056489
2836,8480459
2837,2901879
2838,457470
2839,5090126
2840,8699065
2841,1057350
2842,6847654
2843,132323
2844,2844883
2845,4093640
2846,5381554
2847,7416358
2848,9618976
2849,4495200
2850,8022562
2851,4161450
2852,8440569
2853,1215701
2854,4297163
2855,2855966
2856,3323487
2857,4614007
2858,8404762
2859,3322912
2860,4234938
2861,6466775
2862,2297850
2863,5675298
2864,3222335
2865,2934221
2866,847988
2867,8800921
2868,5639902
2869,7173330
2870,2974058
2871,962538
2872,2784374
2873,5872791
2874,4598180
2875,2007240
2876,5781644
2877,4022295
2878,6733159
2879,5984496
2880,4424803
2881,9807198
2882,7703511
2883,8932296
2884,4009889
2885,8193170
2886,9575764
2887,8175619
2888,3049313
2889,7700715
2890,7782790
2891,997043
2892,6984130
2893,7923909
2894,9871068
2895,2119222
2896,6717746
2897,9124110
2898,8696249
2899,9395495
2900,696301
2901,6321105
2902,9969258
2903,8512607
2904,3428013
2905,6956202
2906,7570228
2907,8113169
2908,4739077
2909,7807101
2910,6973791
2911,9310383
2912,3687657
2913,1936684
2914,6841136
2915,4763661
2916,9128520
2917,7271122
2918,363097
2919,1848857
2920,9187089
2921,8735708
2922,9252957
2923,307053
2924,4800534
2925,1019532
2926,3107876
2927,4892901
2928,3152040
2929,9086569
2930,767501
2931,5355437
2932,965306
2933,291186
2934,1280105
2935,4460210
2936,6191794
2937,7410086
2938,5797108
2939,2346379
2940,9835071
2941,3257988
2942,3229699
2943,4010016
2944,7129053
2945,352270
2946,1701797
2947,6621224
2948,6242847
2949,409562
2950,4094470
2951,5034357
2952,8083064
2953,7944686
2954,9357699
2955,2604588
2956,151998
2957,837886
2958,4443824
2959,7378679
2960,2068656
2961,8234945
2962,5342266
2963,5431105
2964,7343183
2965,5585318
2966,5782083
2967,84729
2968,9847909
2969,3564931
2970,8552632
2971,3497709
2972,6146527
2973,679298
2974,4371486
2975,1498426
2976,2882733
2977,3392655
2978,4777953
2979,5459111
2980,2583622
2981,5649421
2982,5529101
2983,126996
2984,5619559
2985,9826009
2986,7697316
2987,1525121
2988,7285913
2989,7945680
2990,6840318
2991,2803143
2992,4912263
2993,3869947
2994,9167884
2995,6783735
2996,843520
2997,4723231
2998,2815930
2999,9337594
3000,4639166
3001,4037559
3002,5391616
3003,9368976
3004,1329946
3005,6184415
3006,7060847
3007,2792413
3008,104627
3009,7326522
3010,7963135
3011,9079235
3012,5426976
3013,1677986
3014,31404
3015,4491158
3016,6151169
3017,7570485
3018,2116127
3019,7450259
3020,1595121
3021,6394991
3022,8887828
3023,5886063
3024,3907089
3025,8322442
3026,5163856
3027,3982967
3028,3994364
3029,6288344
3030,3749164
3031,5970554
3032,8385527
3033,2151356
3034,9007029
3035,3343116
3036,4717955
3037,621560
3038,1587560
3039,4667630
3040,3251450
3041,3974280
3042,33364
3043,7714943
3044,8728668
3045,3947806
3046,6140625
3047,6693964
3048,7760427
3049,9091651
3050,8604733
3051,4560350
3052,2565212
3053,1800368
3054,4579727
3055,8556672
3056,532357
3057,3969971
3058,3323864
3059,9956248
3060,3960756
3061,1717759
3062,9729797
3063,7173827
3064,8017202
3065,6562463
3066,8684903
3067,7535275
3068,7460225
3069,6911438
3070,8549380
3071,614593
3072,514451
3073,575540
3074,2803741
3075,3341266
3076,1872247
3077,5279063
3078,6435218
3079,8544187
3080,7763
3081,5649718
3082,8688089
3083,2697403
3084,6372619
3085,7514005
3086,2470542
3087,5054647
3088,2138344
3089,6965033
3090,9619460
3091,5500195
3092,1826867
3093,3404056
3094,8484424
3095,9836693
3096,3153386
3097,5199602
3098,9378207
3099,7296882
3100,7897801
3101,5457367
3102,520179
3103,5669010
3104,2557063
3105,5664400
3106,6926079
3107,3051741
3108,8588135
3109,1521095
3110,1207179
3111,5465774
3112,8077958
3113,7929765
3114,7379145
3115,4753066
3116,7204193
3117,2068424
3118,3867929
3119,8553198
3120,4206124
3121,3836453
3122,3198539
3123,6527208
3124,5394001
3125,5762642
3126,2915997
3127,822823
3128,5957915
3129,6931723
3130,528588
3131,8936276
3132,2386640
3133,9668153
3134,7147863
3135,7076131
3136,8467948
3137,417685
3138,5474183
3139,1016797
3140,2924235
3141,8389290
3142,5144105
3143,1514927
3144,1750440
3145,8853177
3146,2288352
3147,2927513
3148,9041704
3149,3610666
3150,1186829
3151,4172416
3152,193441
3153,1804420
3154,5985217
3155,5749261
3156,5364762
3157,2980327
3158,7529792
3159,7663308
3160,7526424
3161,5136724
3162,719378
3163,2518815
3164,8578752
3165,8088289
3166,1583093
3167,9339846
3168,716793
3169,2236266
3170,9523155
3171,7727696
3172,5635491
3173,860772
3174,3181224
3175,6722819
3176,3472874
3177,2899911
3178,393359
3179,9737386
3180,4546928
3181,1171210
3182,6621510
3183,850246
3184,4463082
3185,8562187
3186,1642734
3187,4552155
3188,6038465
3189,2664801
3190,8903784
3191,8771456
3192,2972407
3193,4355020
3194,2435739
3195,7129479
3196,3547143
3197,8592605
3198,824718
3199,7129485
3200,6913237
3201,1835990
3202,6603053
3203,7611406
3204,5444609
3205,9928283
3206,6093998
3207,9793017
3208,9680627
3209,8407625
3210,5003826
3211,1938890
3212,4865842
3213,6861502
3214,1957352
3215,9079600
3216,29129
3217,4224610
3218,9435022
3219,43341
3220,8150622
3221,5870184
3222,8311015
3223,9287532
3224,5845349
3225,5056504
3226,1447017
3227,9718532
3228,9311980
3229,8002858
3230,9338141
3231,831956
3232,2628618
3233,8017497
3234,651215
3235,9570447
3236,1492484
3237,926310
3238,8277089
3239,3270724
3240,7390496
3241,9870808
3242,7377393
3243,1841331
3244,4249014
3245,505934
3246,8027568
3247,9474959
3248,2288207
3249,6749411
3250,1757048
3251,8683864
3252,3035365
3253,1814178
3254,715367
3255,1880417
3256,1612961
3257,7149166
3258,1518627
3259,3163243
3260,779513
3261,7543486
3262,2751026
3263,3758682
3264,3215713
3265,9280639
3266,8501574
3267,6569184
3268,7160176
3269,7613779
3270,866550
3271,9597883
3272,4037894
3273,1317236
3274,2080195
3275,3561550
3276,3143849
3277,2181407
3278,3751806
3279,6158678
3280,2790232
3281,2993127
3282,4676305
3283,2954243
3284,9170846
3285,782492
3286,1084713
3287,160947
3288,7323560
3289,8503463
3290,3405339
3291,9516347
3292,1305485
3293,6797206
3294,5550200
3295,6438882
3296,8404902
3297,4127683
3298,9821237
3299,8629382
3300,1436608
3301,1335788
3302,4265120
3303,9939418
3304,3131129
3305,1523581
3306,422771
3307,5979114
3308,9498048
3309,4470355
3310,4551585
3311,8277822
3312,534059
3313,9188477
3314,695014
3315,2485133
3316,8572673
3317,8411329
3318,3582959
3319,706806
3320,2922946
3321,5468816
3322,3351223
3323,4892362
3324,2849373
3325,3705542
3326,7480726
3327,5778886
3328,1621710
3329,7743000
3330,2476578
3331,9212036
3332,5425657
3333,2897192
3334,5270378
3335,3230061
3336,4576055
3337,7175444
3338,7403280
3339,4037589
3340,9431167
3341,110974
3342,7512224
3343,4910291
3344,9925415
3345,4476260
3346,1494507
3347,2707856
3348,9078195
3349,4320958
3350,5238475
3351,4416366
3352,1996569
3353,6394893
3354,2079304
3355,7843822
3356,734065
3357,2895979
3358,7788383
3359,929833
3360,1887253
3361,9725255
3362,4462441
3363,9292198
3364,132120
3365,1424164
3366,3593746
3367,8145323
3368,2054095
3369,461985
3370,2212726
3371,2408789
3372,3866945
3373,5944333
3374,8430188
3375,6866436
3376,3736146
3377,5167587
3378,1942933
3379,7069669
3380,3250027
3381,8594182
3382,1995913
3383,6924110
3384,8104325
3385,3979398
3386,1686078
3387,295813
3388,3194789
3389,4868686
3390,1377634
3391,7699820
3392,9550401
3393,2211701
3394,7539179
3395,9384912
3396,8348556
3397,9898399
3398,1515353
3399,2806535
3400,1502578
3401,9896537
3402,992875
3403,9827447
3404,9413934
3405,7776989
3406,6677231
3407,6282493
3408,7698260
3409,1737186
3410,7043033
3411,2298009
3412,2689238
3413,4236759
3414,4496397
3415,5821256
3416,1230172
3417,172760
3418,1185696
3419,7836937
3420,9305433
3421,4601621
3422,1565098
3423,5915798
3424,4839717
3425,6822603
3426,9201044
3427,5906419
3428,8126791
3429,4944210
3430,8178233
3431,4716592
3432,7175545
3433,9879724
3434,4958410
3435,6504234
3436,7066922
3437,9677181
3438,3998943
3439,6079117
3440,3889697
3441,4940842
3442,6838936
3443,9408593
3444,4017472
3445,5605020
3446,207676
3447,7873457
3448,7341297
3449,4210072
3450,7430498
3451,6275301
3452,3224695
3453,5840323
3454,6821971
3455,78357
3456,1371505
3457,8344391
3458,5568802
3459,7073712
3460,386409
3461,8931176
3462,702117
3463,348662
3464,5784310
3465,6775548
3466,7454865
3467,6216563
3468,5994499
3469,2030620
3470,5308194
3471,7977295
3472,2622639
3473,7416117
3474,4855355
3475,419909
3476,2063165
3477,6086059
3478,9517410
3479,8646236
3480,8215242
3481,518176
3482,4698894
3483,973960
3484,6439440
3485,9477561
3486,2106822
3487,8639516
3488,1190132
3489,1765576
3490,7927920
3491,4594227
3492,7677256
3493,9765995
3494,9659985
3495,8119467
3496,8385428
3497,3331357
3498,9537934
3499,1801779
3500,3866227
3501,2100118
3502,7732651
3503,2014547
3504,8403472
3505,6022323
3506,6363183
3507,9844032
3508,1169963
3509,336934
3510,3496761
3511,9344831
3512,7259158
3513,6915853
3514,1057221
3515,7040147
3516,5326570
3517,437431
3518,4352204
3519,4249087
3520,2864277
3521,5037237
3522,9501418
3523,2461972
3524,3732525
3525,8923929
3526,2352617
3527,8944398
3528,522894
3529,6152752
3530,3593853
3531,86834
3532,9276751
3533,7047250
3534,6216471
3535,2194219
3536,8318927
3537,3827172
3538,4875985
3539,3719751
3540,1782394
3541,9880585
3542,4465278
3543,9568155
3544,2758923
3545,260369
3546,2032877
3547,8882456
3548,554113
3549,8883583
3550,6899632
3551,6990039
3552,5455308
3553,6166823
3554,5858084
3555,3612326
3556,6464884
3557,3259523
3558,6998047
3559,8038348
3560,6889956
3561,1232994
3562,6846971
3563,3142532
3564,4936714
3565,1916279
3566,3457996
3567,1694856
3568,5224939
3569,3554702
3570,4318684
3571,6517538
3572,8546040
3573,5576836
3574,525809
3575,3774091
3576,3885408
3577,9890348
3578,3884974
3579,506310
3580,603669
3581,7215556
3582,1665583
3583,6075935
3584,8197069
3585,2277922
3586,6693634
3587,9734361
3588,8269243
3589,496396
3590,9361280
3591,6044461
3592,536902
3593,962172
3594,1727950
3595,5934830
3596,6467045
3597,9948515
3598,5831566
3599,3071823
3600,5149490
3601,9465255
3602,1497129
3603,2526224
3604,5296914
3605,6423979
3606,7622890
3607,6606535
3608,3642107
3609,4866008
3610,1910776
3611,4989161
3612,6676533
3613,7183993
3614,3648248
3615,7149892
3616,2640487
3617,6900212
3618,3655991
3619,9323388
3620,6687275
3621,8794818
3622,924845
3623,965758
3624,2332205
3625,7139111
3626,7215214
3627,8659008
3628,2439060
3629,9641277
3630,6106608
3631,2049078
3632,8577819
3633,918020
3634,600396
3635,2049002
3636,3748020
3637,5362599
3638,2755138
3639,759007
3640,4791014
3641,8738985
3642,4951587
3643,5984352
3644,5137050
3645,8603845
3646,348720
3647,8281866
3648,1396932
3649,2123554
3650,2841557
3651,6387385
3652,5962481
3653,5175131
3654,3093521
3655,7808062
3656,8342866
3657,591176
3658,5960706
3659,581325
3660,2061390
3661,7381747
3662,6347317
3663,7843983
3664,4763012
3665,1606282
3666,4313051
3667,4862031
3668,7662881
3669,7673770
3670,613069
3671,3783323
3672,2102289
3673,3018444
3674,1835584
3675,1997230
3676,1494081
3677,9011511
3678,2935504
3679,605747
3680,2762873
3681,838336
3682,83453
3683,5115634
3684,8940549
3685,1702075
3686,2233517
3687,2358907
3688,6812999
3689,8966563
3690,4029524
3691,953156
3692,4048162
3693,8403634
3694,6407737
3695,9934122
3696,5495587
3697,4300159
3698,4131545
3699,2067207
3700,781869
3701,9945061
3702,150224
3703,5220375
3704,2920729
3705,1600323
3706,3516667
3707,9389168
3708,8496613
3709,1857864
3710,4188696
3711,8068698
3712,5102488
3713,152140
3714,4062881
3715,9175556
3716,1072172
3717,6548345
3718,8031790
3719,2284064
3720,3024200
3721,4735736
3722,3921638
3723,438239
3724,4124315
3725,5197040
3726,5246181
3727,740524
3728,9825074
3729,7834899
3730,4280557
3731,6970615
3732,3896238
3733,9879180
3734,3378314
3735,4865720
3736,3777994
3737,6819090
3738,8101762
3739,2406695
3740,4894301
3741,8435697
3742,1444722
3743,2703934
3744,922359
3745,3062072
3746,9803803
3747,3866850
3748,2755818
3749,2090603
3750,7765957
3751,8128479
3752,3186146
3753,9155457
3754,6715435
3755,94488
3756,6926171
3757,6373567
3758,4908033
3759,6306206
3760,3037202
3761,5886982
3762,9543607
3763,1234172
3764,7418360
3765,5449819
3766,5105377
3767,6417444
3768,9666176
3769,3233373
3770,457570
3771,1012407
3772,8095057
3773,8869934
3774,5360052
3775,9947672
3776,7941530
3777,9183883
3778,5233099
3779,1519609
3780,8925310
3781,6358918
3782,8144876
3783,5119123
3784,3481822
3785,3500288
3786,8322242
3787,4094844
3788,1530958
3789,9519798
3790,9083205
3791,9261440
3792,199871
3793,8161437
3794,8234554
3795,9331157
3796,3892707
3797,9113441
3798,5663321
3799,3099450
3800,371806
3801,708507
3802,1860184
3803,5356432
3804,3726554
3805,3539453
3806,4222859
3807,1650815
3808,3691423
3809,4182994
3810,8090165
3811,2834425
3812,4464611
3813,851391
3814,4807465
3815,1596969
3816,7270700
3817,5899494
3818,9562545
3819,6670842
3820,3023924
3821,4181786
3822,1233634
3823,7386151
3824,5163237
3825,436141
3826,947497
3827,4850846
3828,9864635
3829,502291
3830,7141203
3831,9476468
3832,7367311
3833,2760698
3834,685182
3835,7057579
3836,6371128
3837,4508841
3838,3782912
3839,8951963
3840,2881579
3841,2198078
3842,5013473
3843,3748597
3844,7703861
3845,6660151
3846,622582
3847,8418412
3848,2339566
3849,164808
3850,1997459
3851,8000599
3852,9440136
3853,164033
3854,9714502
3855,1536138
3856,3740508
3857,1030729
3858,4583073
3859,5782739
3860,9081328
3861,986456
3862,6562387
3863,8952158
3864,9149287
3865,2913274
3866,7640319
3867,5797007
3868,9974729
3869,1865317
3870,4539917
3871,4683514
3872,3033549
3873,8365416
3874,53420
3875,3452378
3876,5186580
3877,7828079
3878,1027316
3879,9005306
3880,6329278
3881,212628
3882,4266240
3883,9950543
3884,7328996
3885,7116871
3886,7931230
3887,1958783
3888,4420330
3889,8834549
3890,9761524
3891,686549
3892,7711037
3893,3789611
3894,1542894
3895,9714656
3896,6119605
3897,6633390
3898,9868335
3899,6625948
3900,1213392
3901,7311673
3902,9145152
3903,4575040
3904,9858191
3905,9579840
3906,127880
3907,7227687
3908,4942261
3909,4713455
3910,3203973
3911,4882304
3912,3631337
3913,6468413
3914,3890410
3915,5386284
3916,2897412
3917,9973529
3918,809369
3919,3784044
3920,7326264
3921,1773611
3922,5755190
3923,9338186
3924,2458434
3925,302584
3926,1005610
3927,8230029
3928,7723348
3929,2654646
3930,8516464
3931,5817541
3932,6221850
3933,4459435
3934,2198972
3935,9577610
3936,6553551
3937,1817780
3938,1661126
3939,17414
3940,1896053
3941,6737855
3942,4333038
3943,3522304
3944,3960288
3945,6621983
3946,523920
3947,6295910
3948,9171134
3949,4264862
3950,5172817
3951,6459956
3952,9116767
3953,7273846
3954,4361923
3955,1739179
3956,6294953
3957,9351314
3958,3329705
3959,4424399
3960,482040
3961,7953780
3962,7804966
3963,2036752
3964,5337912
3965,8772890
3966,8183076
3967,660779
3968,2825992
3969,2084361
3970,706870
3971,7503914
3972,300049
3973,1142885
3974,6305602
3975,7327109
3976,9802802
3977,6292447
3978,971468
3979,4594769
3980,7692903
3981,5074502
3982,322534
3983,5686113
3984,5275757
3985,6826934
3986,6449032
3987,1714561
3988,9662952
3989,2148130
3990,7122686
3991,9140363
3992,8164815
3993,6531122
3994,1257673
3995,3252531
3996,5520921
3997,5346829
3998,6627061
3999,6117048
4000,1687332
4001,1650501
4002,7395897
4003,989419
4004,9673961
4005,1099843
4006,7759097
4007,4304772
4008,9702495
4009,1393903
4010,2333232
4011,2047320
4012,7511317
4013,1619234
4014,276520
4015,917365
4016,1493814
4017,9456305
4018,1140139
4019,3658963
4020,2915101
4021,472549
4022,2238207
4023,9794838
4024,3480922
4025,3279817
4026,3643617
4027,713731
4028,8143336
4029,6889587
4030,1603683
4031,856679
4032,3608307
4033,3489455
4034,3341491
4035,8497706
4036,6421903
4037,6134929
4038,1103691
4039,2539289
4040,7457803
4041,6234403
4042,1178390
4043,1292966
4044,1806553
4045,2675910
4046,7655178
4047,7269275
4048,2185118
4049,760415
4050,1624077
4051,2274563
4052,5398539
4053,5827419
4054,7746633
4055,3652900
4056,8423250
4057,7858697
4058,5015581
4059,2130664
4060,2682621
4061,9527015
4062,1663432
4063,2397252
4064,4778136
4065,7945189
4066,9364705
4067,9164758
4068,3973493
4069,5892687
4070,9375838
4071,1158805
4072,4705613
4073,1500383
4074,6151995
4075,1305973
4076,9645243
4077,5467654
4078,1307089
4079,8127400
4080,5602965
4081,7995400
4082,4554851
4083,7615462
4084,7917567
4085,5392900
4086,7280838
4087,3972011
4088,9090106
4089,6627376
4090,9963452
4091,11106
4092,6930200
4093,7396289
4094,6962402
4095,6969720
4096,9713147
4097,3583414
4098,4119464
4099,25574
4100,7201868
4101,4135487
4102,6298068
4103,6908893
4104,6851076
4105,4754693
4106,7884129
4107,1795019
4108,1974318
4109,9004046
4110,6397665
4111,9561834
4112,8555708
4113,3646328
4114,6805224
4115,9641883
4116,8987512
4117,5057466
4118,4699394
4119,1274500
4120,1025949
4121,3294586
4122,2398642
4123,116432
4124,8539837
4125,358896
4126,5594463
4127,8350732
4128,5450380
4129,8883636
4130,1025235
4131,6069339
4132,5201360
4133,4501017
4134,2584870
4135,1443432
4136,8751150
4137,3501482
4138,4246492
4139,9645278
4140,2635085
4141,1600436
4142,2201765
4143,8183885
4144,1917915
4145,1196903
4146,3872840
4147,4477763
4148,5952693
4149,4019557
4150,1947773
4151,1042253
4152,2291697
4153,5353655
4154,8523048
4155,2460188
4156,598472
4157,9128976
4158,4264327
4159,4170236
4160,7130588
4161,6291881
4162,4866765
4163,3067444
4164,3126599
4165,7016697
4166,1269211
4167,6478151
4168,5912501
4169,6130905
4170,9099632
4171,3448031
4172,7926098
4173,8884908
4174,7506289
4175,5991765
4176,8822981
4177,7710390
4178,6443932
4179,8211611
4180,165407
4181,3168130
4182,5321955
4183,1521264
4184,4813246
4185,272925
4186,4488791
4187,8270872
4188,7373812
4189,4365678
4190,3258402
4191,3740810
4192,3112594
4193,4167941
4194,6390721
4195,3728933
4196,2566335
4197,7746764
4198,6169102
4199,6159421
4200,5999077
4201,5179116
4202,9810512
4203,8095462
4204,9777143
4205,6517680
4206,5556021
4207,3622695
4208,473151
4209,5457537
4210,6264965
4211,9864762
4212,8298474
4213,4276441
4214,8901217
4215,5188811
4216,2611093
4217,5357353
4218,2528632
4219,9406767
4220,3663962
4221,1459025
4222,2357319
4223,4646185
4224,926885
4225,6562976
4226,8336889
4227,3391106
4228,7168265
4229,9022538
4230,1304870
4231,9477665
4232,7485225
4233,8682601
4234,9767411
4235,3031360
4236,8363465
4237,1914325
4238,2454389
4239,2299761
4240,1183056
4241,4387420
4242,2071123
4243,4407342
4244,6664196
4245,8283022
4246,3293165
4247,2223417
4248,1055288
4249,962738
4250,4410519
4251,2856957
4252,1578860
4253,7114642
4254,9275541
4255,7691042
4256,7856509
4257,2341826
4258,2907771
4259,9855244
4260,1818262
4261,3010831
4262,2440598
4263,156157
4264,6406891
4265,1534737
4266,9336911
4267,5319819
4268,9562407
4269,5922204
4270,178260
4271,6183404
4272,1404538
4273,7381648
4274,7791619
4275,7089327
4276,6101655
4277,3383731
4278,7477274
4279,8294361
4280,577143
4281,1636231
4282,4073648
4283,7653084
4284,470384
4285,2304720
4286,3969054
4287,104634
4288,9873872
4289,3572440
4290,3008151
4291,3281049
4292,9318941
4293,1061004
4294,2371444
4295,7853676
4296,8430090
4297,5186910
4298,6181900
4299,6648595
4300,502911
4301,1714015
4302,1815613
4303,1659857
4304,7227620
4305,504003
4306,7121665
4307,2330718
4308,9392129
4309,9794023
4310,9655002
4311,9230096
4312,1834329
4313,9452256
4314,8685047
4315,6869534
4316,2245848
4317,6718078
4318,3367363
4319,1378951
4320,2144001
4321,8463105
4322,4724418
4323,6388345
4324,1321225
4325,1848243
4326,1851686
4327,6545082
4328,6538404
4329,174868
4330,9636953
4331,9147149
4332,4251637
4333,5539
4334,139401
4335,6420572
4336,535612
4337,393013
4338,1292257
4339,5042146
4340,1808108
4341,7230002
4342,5771727
4343,7703829
4344,4895386
4345,505722
4346,6556697
4347,5160104
4348,6683181
4349,7335685
4350,4139149
4351,9960491
4352,8137778
4353,6778399
4354,853528
4355,3568836
4356,973976
4357,4423675
4358,4365699
4359,7445892
4360,7777537
4361,6712186
4362,5367515
4363,2672666
4364,6133161
4365,4996877
4366,3155520
4367,4758366
4368,1724304
4369,5159651
4370,280880
4371,6448464
4372,8485343
4373,4887438
4374,2498217
4375,8764940
4376,9501270
4377,2895147
4378,4455340
4379,6950389
4380,7153965
4381,7668619
4382,5494454
4383,6100967
4384,9202495
4385,5347476
4386,4885655
4387,4586439
4388,9185291
4389,6363021
4390,2457719
4391,4781336
4392,2838285
4393,7140553
4394,4608423
4395,1254951
4396,1098214
4397,8292656
4398,588300
4399,727493
4400,5529714
4401,5976741
4402,6386887
4403,6220382
4404,2310509
4405,2652110
4406,5505700
4407,7813535
4408,5415961
4409,8695675
4410,2459450
4411,8960781
4412,3273225
4413,1919125
4414,6410280
4415,5114146
4416,9472397
4417,3130237
4418,2433903
4419,1322057
4420,6885393
4421,7608169
4422,8436269
4423,6923137
4424,3748848
4425,4802601
4426,6732230
4427,2470262
4428,8865650
4429,3855566
4430,4346878
4431,5563149
4432,1383894
4433,7571407
4434,6138442
4435,4986724
4436,919528
4437,8850517
4438,1763162
4439,8014646
4440,5725810
4441,6498774
4442,3655959
4443,7990883
4444,5040734
4445,6257888
4446,5403926
4447,9314580
4448,6640988
4449,2761043
4450,1236412
4451,249176
4452,4376456
4453,5521600
4454,8970306
4455,4975949
4456,5649464
4457,8497640
4458,7830730
4459,261072
4460,2828295
4461,2041709
4462,1395858
4463,6584124
4464,727517
4465,2521205
4466,248414
4467,9472446
4468,5705892
4469,221877
4470,6323015
4471,4109650
4472,3226309
4473,8468519
4474,3582062
4475,6344037
4476,7113274
4477,6941545
4478,163607
4479,6702972
4480,9475081
4481,1150870
4482,6640556
4483,4604823
4484,9419076
4485,2145199
4486,3492110
4487,9691286
4488,7613385
4489,7473193
4490,1788844
4491,9978972
4492,2991169
4493,5329322
4494,1575096
4495,8289651
4496,3090178
4497,8919261
4498,9201262
4499,5143142
4500,772756
4501,9769331
4502,8529511
4503,1427179
4504,3420959
4505,3697194
4506,1714428
4507,5181489
4508,339428
4509,2438963
4510,5064898
4511,6166992
4512,8752861
4513,6335598
4514,4579437
4515,3970810
4516,4222338
4517,8833054
4518,4216329
4519,7682560
4520,2898018
4521,6547124
4522,6800131
4523,3232069
4524,1939188
4525,3864355
4526,8515190
4527,4298983
4528,8485929
4529,7303099
4530,7328088
4531,5251837
4532,6985644
4533,4169713
4534,1874017
4535,4038542
4536,7687531
4537,8872998
4538,4365224
4539,213047
4540,2893786
4541,158402
4542,5494084
4543,1742015
4544,8698350
4545,523819
4546,162655
4547,746288
4548,7266313
4549,9397092
4550,7320058
4551,946277
4552,8135709
4553,4613002
4554,4383692
4555,1638013
4556,4295339
4557,1995405
4558,9309570
4559,872708
4560,1488263
4561,6597706
4562,252773
4563,1849488
4564,2284200
4565,8307544
4566,7204261
4567,1391347
4568,1458959
4569,2101490
4570,4678273
4571,4877328
4572,6041000
4573,5217942
4574,4407045
4575,5116224
4576,8539532
4577,4365088
4578,905007
4579,3485994
4580,6046865
4581,3047082
4582,6201813
4583,1504157
4584,4546587
4585,1257870
4586,2496589
4587,6864533
4588,2965872
4589,6039659
4590,7807056
4591,6238087
4592,1971802
4593,8654925
4594,306964
4595,9142032
4596,2967011
4597,580672
4598,9959901
4599,5929198
4600,8668995
4601,9853396
4602,4223811
4603,1367730
4604,558142
4605,6686770
4606,7234536
4607,2417108
4608,4499718
4609,1241117
4610,4236231
4611,9266791
4612,8442523
4613,5110122
4614,7443217
4615,2400494
4616,2895784
4617,3785575
4618,3321990
4619,551462
4620,1807605
4621,3429984
4622,1451300
4623,52927
4624,690717
4625,7769134
4626,7310922
4627,9670463
4628,4501543
4629,9471862
4630,8964232
4631,6309131
4632,2638955
4633,4833309
4634,798729
4635,9940623
4636,238546
4637,4914053
4638,1723005
4639,7644038
4640,6410397
4641,9353355
4642,539380
4643,42460
4644,7896256
4645,741453
4646,1300684
4647,6766809
4648,9814395
4649,6452703
4650,2122959
4651,8209730
4652,2478164
4653,9302392
4654,673641
4655,4750290
4656,2801920
4657,7598624
4658,8522308
4659,8237093
4660,2259738
4661,9837803
4662,2825278
4663,2869554
4664,3143442
4665,6315070
4666,2415615
4667,6548454
4668,6708455
4669,4113998
4670,3751868
4671,3091805
4672,6495637
4673,2084988
4674,6783792
4675,8965489
4676,5111505
4677,498098
4678,632368
4679,1163881
4680,8846446
4681,8769016
4682,9785038
4683,7354868
4684,6169927
4685,3114177
4686,1787185
4687,5403625
4688,3782221
4689,7445219
4690,5965101
4691,5535572
4692,2650334
4693,7809648
4694,8455450
4695,4927853
4696,2109404
4697,3082777
4698,9605972
4699,6148594
4700,9525237
4701,4233939
4702,2322524
4703,5288608
4704,5787212
4705,9688909
4706,8894285
4707,6215647
4708,3620568
4709,2026948
4710,6976652
4711,7171766
4712,6451743
4713,7305154
4714,2425966
4715,1455475
4716,1333150
4717,9970906
4718,4351199
4719,7903253
4720,1267690
4721,6799450
4722,7020808
4723,1743867
4724,4602067
4725,9957726
4726,8631454
4727,7564933
4728,3276272
4729,5422251
4730,627707
4731,8664871
4732,1576284
4733,4516413
4734,4055033
4735,7838869
4736,2533054
4737,8769012
4738,9321038
4739,487423
4740,884837
4741,2827771
4742,5833394
4743,9400166
4744,8671480
4745,880172
4746,5557112
4747,7886489
4748,9755954
4749,2385129
4750,8905691
4751,1099319
4752,7137934
4753,7419508
4754,3062069
4755,9067384
4756,2419524
4757,5748459
4758,4999494
4759,5181639
4760,6994374
4761,9790525
4762,4419550
4763,3171260
4764,4270868
4765,7126166
4766,7785325
4767,9493818
4768,5902618
4769,7996143
4770,3136887
4771,9465834
4772,336542
4773,7978403
4774,2010551
4775,6039384
4776,4495962
4777,7586233
4778,5337400
4779,8995620
4780,1948261
4781,3142700
4782,70666
4783,4020625
4784,6347192
4785,4903889
4786,7373907
4787,701018
4788,8490007
4789,5780993
4790,899167
4791,8739729
4792,6029521
4793,1244193
4794,7476310
4795,6636875
4796,9072637
4797,4270967
4798,405461
4799,7906915
4800,2282687
4801,7695862
4802,2012968
4803,5642820
4804,7079369
4805,2198684
4806,2898445
4807,716321
4808,2398822
4809,9262244
4810,1581603
4811,3651553
4812,5615513
4813,2549878
4814,9532776
4815,3792794
4816,8141070
4817,5155941
4818,7146017
4819,5446127
4820,4593231
4821,5104945
4822,4522303
4823,4245071
4824,4155060
4825,6312038
4826,4242670
4827,5761513
4828,3474369
4829,5558223
4830,9875138
4831,5369943
4832,7493319
4833,1456382
4834,325
4835,6477692
4836,2772292
4837,150469
4838,9382999
4839,5343289
4840,2199428
4841,4110966
4842,2611009
4843,1109464
4844,4706741
4845,4513688
4846,6579507
4847,184283
4848,4688600
4849,3988100
4850,882634
4851,7912983
4852,5924480
4853,7536779
4854,5163318
4855,5671602
4856,677764
4857,9289508
4858,6797220
4859,159838
4860,1583561
4861,1141964
4862,6982276
4863,6461126
4864,3815934
4865,9815576
4866,3478023
4867,4822803
4868,6818492
4869,5606867
4870,278033
4871,2813073
4872,4889192
4873,7512690
4874,8596241
4875,33449
4876,8215914
4877,6920234
4878,322982
4879,2549602
4880,8191090
4881,716960
4882,7718180
4883,5374740
4884,5346313
4885,3481533
4886,373617
4887,7539862
4888,2835508
4889,7819792
4890,478693
4891,5763541
4892,3615286
4893,9066397
4894,6323985
4895,1690889
4896,2708426
4897,6407945
4898,9669947
4899,6781229
4900,654412
4901,7780591
4902,1975495
4903,3651241
4904,9999556
4905,7977519
4906,9516274
4907,5715110
4908,278594
4909,52462
4910,5188292
4911,6806503
4912,4681436
4913,7083444
4914,9257019
4915,5273019
4916,6804610
4917,4485680
4918,8306201
4919,4051858
4920,5367370
4921,1139892
4922,9839955
4923,793630
4924,2689704
4925,9255975
4926,6865139
4927,8333254
4928,3241798
4929,453137
4930,6649787
4931,2300703
4932,279725
4933,8212042
4934,8378747
4935,3807177
4936,3799772
4937,5186167
4938,3443659
4939,4208534
4940,517721
4941,4093684
4942,8216973
4943,9240014
4944,7836647
4945,8785929
4946,4688383
4947,8313720
4948,8429487
4949,7623878
4950,8790335
4951,6478727
4952,5203041
4953,8819882
4954,6345367
4955,5594262
4956,7827510
4957,7569980
4958,2001652
4959,5701264
4960,1958363
4961,8774167
4962,1963943
4963,8515235
4964,9309790
4965,2812572
4966,33723
4967,656850
4968,6635925
4969,7647030
4970,158998
4971,1128328
4972,4779530
4973,6986355
4974,6086680
4975,3245324
4976,6482602
4977,6237809
4978,3805252
4979,4880648
4980,852847
4981,9247369
4982,3841679
4983,6046947
4984,1312963
4985,977368
4986,7547206
4987,4566134
4988,2760730
4989,695328
4990,8019075
4991,2614649
4992,3737698
4993,3560346
4994,7612021
4995,6079710
4996,2107474
4997,634245
4998,3629974
4999,6554494
5000,9814030
5001,5602474
5002,5003342
5003,685249
5004,1816342
5005,482229
5006,2050264
5007,3761927
5008,7755643
5009,9611776
5010,2982021
5011,3861115
5012,2923211
5013,9564931
5014,5827847
5015,2179567
5016,8080664
5017,1692698
5018,5389381
5019,4587892
5020,2340816
5021,6362391
5022,9209005
5023,5252564
5024,4517681
5025,3067620
5026,1943191
5027,8016655
5028,433508
5029,5518498
5030,7219401
5031,2444185
5032,1724454
5033,4725944
5034,5802463
5035,3313283
5036,9563225
5037,8058508
5038,6569020
5039,2613275
5040,6370086
5041,2423280
5042,376169
5043,6817619
5044,5616754
5045,6067975
5046,4560285
5047,2032774
5048,7705851
5049,8037182
5050,1746029
5051,2535392
5052,6273574
5053,7539011
5054,4367731
5055,663340
5056,8326625
5057,5942628
5058,2889124
5059,2155177
5060,2827802
5061,1102763
5062,171641
5063,1321873
5064,3070893
5065,6714954
5066,665846
5067,9150121
5068,2693911
5069,487360
5070,3451033
5071,6244801
5072,9623578
5073,3419059
5074,1870869
5075,7572413
5076,5114817
5077,1116878
5078,6844697
5079,4656946
5080,619957
5081,5907505
5082,6253617
5083,8575417
5084,2345001
5085,61049
5086,8565326
5087,8896801
5088,471018
5089,6569653
5090,5504830
5091,9150108
5092,3417664
5093,3966418
5094,3451433
5095,1637481
5096,1363991
5097,7359219
5098,9071727
5099,285013
5100,1979340
5101,9868569
5102,5451223
5103,1566423
5104,1497811
5105,7634850
5106,2774989
5107,2155725
5108,6335126
5109,4587680
5110,3688214
5111,3555594
5112,9331835
5113,4360159
5114,3553769
5115,2752406
5116,1135976
5117,7265174
5118,3707531
5119,4022219
5120,5156766
5121,2988044
5122,8830535
5123,615724
5124,8946123
5125,7829041
5126,5368566
5127,8593572
5128,783499
5129,9298951
5130,9216557
5131,2415905
5132,2254427
5133,8118513
5134,8669634
5135,4129195
5136,7643095
5137,4907228
5138,239629
5139,5970588
5140,5242170
5141,3066991
5142,5587131
5143,9715565
5144,8937327
5145,6137450
5146,6998384
5147,1581983
5148,7516420
5149,9286475
5150,5831123
5151,5415927
5152,3149731
5153,9278733
5154,3242930
5155,6113536
5156,1525388
5157,7209633
5158,3543005
5159,4928045
5160,919840
5161,3562121
5162,4222554
5163,124936
5164,6906478
5165,3872314
5166,2100815
5167,8256250
5168,3420818
5169,8098643
5170,7936094
5171,9817701
5172,3647060
5173,4820322
5174,1936476
5175,8550441
5176,1126541
5177,4726820
5178,4485268
5179,7633222
5180,8773903
5181,3374347
5182,8356051
5183,6689876
5184,2574851
5185,7518248
5186,8437041
5187,3300885
5188,1962661
5189,9565861
5190,3074955
5191,4409703
5192,1598599
5193,620329
5194,3995171
5195,4101608
5196,8761692
5197,3030401
5198,7742059
5199,7120587
5200,1717624
5201,4164298
5202,3249291
5203,4729678
5204,5341672
5205,4618177
5206,303610
5207,371954
5208,805683
5209,8240070
5210,124042
5211,6263823
5212,7893559
5213,7469870
5214,6929779
5215,4501665
5216,7386100
5217,6529320
5218,1336881
5219,6308314
5220,922729
5221,4026027
5222,9677936
5223,2982664
5224,2205446
5225,4374334
5226,4945303
5227,1913306
5228,2415964
5229,2189340
5230,7656837
5231,1950474
5232,7988841
5233,1199828
5234,3639702
5235,6300346
5236,7424138
5237,6437326
5238,1319283
5239,1252399
5240,2554191
5241,9104578
5242,173354
5243,5002678
5244,6471249
5245,7652897
5246,7130525
5247,4106426
5248,6486238
5249,8941301
5250,396671
5251,4207097
5252,5187008
5253,3937083
5254,6356857
5255,4176472
5256,3312995
5257,3826318
5258,21971
5259,4238270
5260,6416622
5261,302655
5262,342565
5263,9290868
5264,6920686
5265,7097304
5266,8752575
5267,5551495
5268,8439951
5269,6485259
5270,3360052
5271,886562
5272,5362981
5273,8741652
5274,2165496
5275,7696615
5276,3222014
5277,9218940
5278,1228483
5279,4321120
5280,2513723
5281,4804819
5282,3499997
5283,7319339
5284,3287974
5285,2864745
5286,7133003
5287,8887288
5288,4380999
5289,9886563
5290,3812132
5291,3252305
5292,4636178
5293,2311435
5294,8522290
5295,660382
5296,1434297
5297,94034
5298,3553169
5299,7083945
5300,3862231
5301,727429
5302,422543
5303,3403948
5304,4646973
5305,7665070
5306,6021390
5307,9167126
5308,1058402
5309,539877
5310,7258351
5311,4686913
5312,1418108
5313,1639314
5314,496991
5315,8844619
5316,7404014
5317,5720398
5318,2285902
5319,536609
5320,9652502
5321,1400597
5322,6888873
5323,3276844
5324,2974998
5325,539455
5326,7607002
5327,4162218
5328,7721337
5329,4595879
5330,5815330
5331,7437738
5332,3838382
5333,2577162
5334,3315359
5335,4299111
5336,2371541
5337,8138039
5338,637838
5339,7274922
5340,1449458
5341,1457661
5342,263325
5343,1262441
5344,2020019
5345,2948163
5346,3200931
5347,7921275
5348,1815942
5349,1613260
5350,1319393
5351,888257
5352,6671617
5353,2288226
5354,6120227
5355,8967642
5356,7518189
5357,7883745
5358,3321802
5359,154429
5360,1204506
5361,7203687
5362,6318535
5363,1372367
5364,7601831
5365,3208764
5366,8882320
5367,4207714
5368,7337026
5369,8750017
5370,8200117
5371,4556414
5372,8279411
5373,9284697
5374,8084496
5375,483443
5376,4544109
5377,9115042
5378,9492483
5379,3292788
5380,9188404
5381,3799111
5382,3504036
5383,6607183
5384,5018686
5385,2996704
5386,9834520
5387,4285186
5388,7487387
5389,2597950
5390,5356960
5391,7462036
5392,3958039
5393,4625159
5394,5375572
5395,943743
5396,1951005
5397,25687
5398,1781661
5399,7522224
5400,713501
5401,895969
5402,9019487
5403,1010793
5404,4670175
5405,4956839
5406,220511
5407,8302986
5408,3695579
5409,7422681
5410,9887899
5411,9188244
5412,1851161
5413,9511058
5414,460070
5415,2961224
5416,3426151
5417,3758021
5418,8500986
5419,759533
5420,7263538
5421,9633852
5422,165873
5423,745063
5424,3182705
5425,6747445
5426,9612741
5427,8117634
5428,177729
5429,7609906
5430,2296936
5431,9944794
5432,9610384
5433,878077
5434,9358309
5435,720412
5436,2180453
5437,5708479
5438,7752256
5439,513735
5440,9757697
5441,8924855
5442,1385896
5443,9164543
5444,7103272
5445,7669209
5446,3791866
5447,5027733
5448,3342405
5449,1611457
5450,550562
5451,6161154
5452,9848597
5453,5243297
5454,377750
5455,2714152
5456,6199646
5457,3279608
5458,8060977
5459,1775996
5460,9213742
5461,4178546
5462,1813994
5463,1763058
5464,8652500
5465,9150654
5466,1462793
5467,1042865
5468,8403903
5469,9885842
5470,4552217
5471,9948333
5472,9121653
5473,9244174
5474,6146847
5475,3145548
5476,1526604
5477,2596639
5478,1184426
5479,6252299
5480,5562979
5481,2616559
5482,2490129
5483,2244666
5484,155299
5485,2024265
5486,2403487
5487,3557474
5488,931156
5489,2770964
5490,6998792
5491,6158793
5492,3444855
5493,607997
5494,6089346
5495,8124727
5496,7798358
5497,9540476
5498,8114416
5499,3179276
5500,8112282
5501,2420269
5502,1044044
5503,4711829
5504,6513632
5505,4324797
5506,6184498
5507,2265995
5508,3024650
5509,7401544
5510,2942661
5511,1750232
5512,5058705
5513,3232828
5514,3386769
5515,8403335
5516,9516811
5517,7997895
5518,3589012
5519,7449128
5520,9797373
5521,175555
5522,1813870
5523,5458092
5524,123417
5525,2234469
5526,9723508
5527,6108088
5528,5605864
5529,9780162
5530,6598200
5531,1474128
5532,9557354
5533,7852814
5534,5143664
5535,3693102
5536,850235
5537,5282397
5538,6553225
5539,2134793
5540,5480644
5541,5225520
5542,293466
5543,8973736
5544,3457339
5545,5364556
5546,7895628
5547,7765496
5548,9711015
5549,8718201
5550,1991107
5551,5068719
5552,8158466
5553,5282956
5554,2248432
5555,3425376
5556,6371862
5557,2534429
5558,769776
5559,5071049
5560,5551565
5561,7241045
5562,5371941
5563,6673199
5564,231604
5565,3472422
5566,9814575
5567,5673444
5568,7310589
5569,5247957
5570,9691588
5571,5566581
5572,9580145
5573,8049092
5574,7681827
5575,1912521
5576,8440822
5577,8406341
5578,5929988
5579,8187060
5580,1846879
5581,5753239
5582,2411974
5583,8636513
5584,9841662
5585,3123116
5586,6218642
5587,4225391
5588,3921094
5589,2868641
5590,8815196
5591,9650067
5592,8366024
5593,5371240
5594,4589690
5595,810681
5596,3905668
5597,986975
5598,389481
5599,7070640
5600,584375
5601,1707035
5602,578200
5603,8907699
5604,3649198
5605,1786846
5606,7648939
5607,4331028
5608,3205436
5609,8256310
5610,6204027
5611,6384249
5612,8627102
5613,8690681
5614,1710207
5615,6552358
5616,4455535
5617,883510
5618,6171327
5619,8807757
5620,9226335
5621,7942764
5622,1008557
5623,545950
5624,9576338
5625,7400339
5626,4402574
5627,5140
5628,5914586
5629,3831844
5630,9381520
5631,6212274
5632,6744925
5633,8216320
5634,8446259
5635,205609
5636,7150086
5637,9338820
5638,8429315
5639,6383249
5640,3954936
5641,967645
5642,3235732
5643,2752096
5644,1548244
5645,5581546
5646,8457093
5647,5028090
5648,4660118
5649,3703824
5650,3956908
5651,9584884
5652,5356787
5653,8113657
5654,2055556
5655,2049074
5656,6817483
5657,1187616
5658,5783748
5659,8403369
5660,9062252
5661,9878152
5662,3964526
5663,3978394
5664,9402177
5665,6781847
5666,7931862
5667,2060163
5668,9103624
5669,1289007
5670,8789835
5671,2415756
5672,5400397
5673,9421882
5674,3738495
5675,6253611
5676,1528854
5677,3203011
5678,9982557
5679,2166896
5680,9049221
5681,3916331
5682,4282653
5683,8928259
5684,2420315
5685,9371971
5686,547876
5687,50959
5688,2656828
5689,2421952
5690,1973848
5691,4528473
5692,6354911
5693,1970781
5694,3485693
5695,9666686
5696,6045770
5697,3357507
5698,5932780
5699,6365520
5700,4840909
5701,923816
5702,207109
5703,7020161
5704,4339731
5705,9697481
5706,7235066
5707,2332809
5708,5502286
5709,5265102
5710,700867
5711,6324687
5712,623139
5713,8808546
5714,3310994
5715,9221554
5716,5910582
5717,7441002
5718,5793206
5719,2656966
5720,1817232
5721,5581776
5722,526609
5723,6503551
5724,1030756
5725,1663294
5726,1086404
5727,985977
5728,5765230
5729,8624607
5730,2246727
5731,6499837
5732,8616763
5733,3757376
5734,465258
5735,5636171
5736,4260636
5737,3593874
5738,7062543
5739,5240251
5740,2910067
5741,2904372
5742,5257293
5743,7674479
5744,1818285
5745,9873833
5746,3881134
5747,4436609
5748,6513804
5749,4391387
5750,486346
5751,7500184
5752,5981987
5753,8299000
5754,6900704
5755,9832731
5756,2612170
5757,6059372
5758,1183322
5759,11175
5760,9599919
5761,7298879
5762,3977369
5763,8890919
5764,3864911
5765,4750040
5766,9550116
5767,2844267
5768,9438876
5769,274406
5770,1699587
5771,3760335
5772,3374273
5773,8902841
5774,9099672
5775,8977556
5776,6577755
5777,3418919
5778,8903416
5779,4226477
5780,1885611
5781,8397293
5782,6207085
5783,3859084
5784,1095867
5785,3135373
5786,699962
5787,3095827
5788,2204710
5789,2280588
5790,2201182
5791,5459170
5792,2717074
5793,4327407
5794,1565962
5795,2046252
5796,4639516
5797,7036224
5798,6981423
5799,1327799
5800,5170923
5801,2739133
5802,2441004
5803,2787125
5804,3445851
5805,9258647
5806,9852694
5807,4019314
5808,5722153
5809,610539
5810,6750035
5811,4106162
5812,5332901
5813,8189880
5814,2940676
5815,1108261
5816,4899212
5817,2178833
5818,3775903
5819,9897436
5820,8413769
5821,7642654
5822,6093392
5823,3449467
5824,2162257
5825,5442504
5826,1186321
5827,7252129
5828,2349998
5829,3302264
5830,3326608
5831,6080511
5832,7538262
5833,7780417
5834,5421676
5835,6591814
5836,7966441
5837,9556611
5838,7345825
5839,3151541
5840,3378160
5841,9485701
5842,7162867
5843,1368960
5844,7251945
5845,9366199
5846,4529566
5847,758762
5848,803410
5849,1495751
5850,2297473
5851,114548
5852,8972650
5853,9233530
5854,9593914
5855,2459139
5856,3489354
5857,3628876
5858,2715273
5859,1218489
5860,211622
5861,7006528
5862,6583917
5863,8573989
5864,9272300
5865,3725509
5866,4828538
5867,6909125
5868,4341241
5869,652184
5870,4165969
5871,3263727
5872,2078358
5873,7533725
5874,5194134
5875,1021891
5876,3062763
5877,9376760
5878,4643595
5879,7702600
5880,564628
5881,8154704
5882,751333
5883,3734818
5884,2969543
5885,5419190
5886,1004246
5887,4026523
5888,7442582
5889,8711359
5890,4667776
5891,5518589
5892,4053178
5893,1945145
5894,1534198
5895,8079021
5896,9038955
5897,3627408
5898,8588267
5899,4697399
5900,8865834
5901,5268442
5902,7786742
5903,2388744
5904,4743457
5905,7751586
5906,9082670
5907,4971932
5908,5084898
5909,1853166
5910,405320
5911,9691468
5912,2020638
5913,8443741
5914,3107486
5915,7642366
5916,3529583
5917,8870102
5918,6215263
5919,8909721
5920,4797669
5921,8464876
5922,4026531
5923,4973039
5924,241796
5925,5604713
5926,8914701
5927,4345714
5928,9038692
5929,7948195
5930,9132794
5931,2220468
5932,8289149
5933,9687417
5934,2757400
5935,1036834
5936,3729386
5937,3109851
5938,3625074
5939,1866388
5940,4079900
5941,506009
5942,9801105
5943,733235
5944,2715121
5945,4337223
5946,2990616
5947,2219217
5948,403000
5949,3591579
5950,287245
5951,1963925
5952,5655399
5953,5437806
5954,7183078
5955,2370912
5956,44360
5957,5886334
5958,4923318
5959,1122187
5960,2685855
5961,8761545
5962,2376880
5963,2279245
5964,9248198
5965,3487538
5966,9498733
5967,232412
5968,2331929
5969,862687
5970,4902658
5971,3251963
5972,1185508
5973,6685724
5974,4273059
5975,1621624
5976,7066583
5977,6635336
5978,3936055
5979,1185348
5980,5744527
5981,9932777
5982,2385931
5983,6043115
5984,3873296
5985,2829549
5986,4273415
5987,9189068
5988,2166876
5989,1244984
5990,3040510
5991,8349287
5992,7136435
5993,290660
5994,4478246
5995,2780537
5996,5158561
5997,9415038
5998,5845018
5999,3365651
6000,1357180
6001,843619
6002,7563216
6003,794796
6004,5198108
6005,1180363
6006,3350692
6007,357947
6008,2821389
6009,1419375
6010,4995851
6011,8345888
6012,2238009
6013,9244340
6014,3241760
6015,4436468
6016,4560344
6017,8539694
6018,7985510
6019,7976377
6020,9145790
6021,7256198
6022,694018
6023,8227261
6024,1241616
6025,2071062
6026,5257300
6027,5688062
6028,1014732
6029,6530335
6030,7604000
6031,9390124
6032,2634178
6033,9981440
6034,9911764
6035,1286376
6036,7135590
6037,5193272
6038,4002992
6039,3378700
6040,5874940
6041,7494098
6042,5640985
6043,618905
6044,7913080
6045,3723586
6046,5122292
6047,7607595
6048,6124073
6049,5410390
6050,7750776
6051,1304437
6052,2477546
6053,2626960
6054,2615955
6055,6699107
6056,8526192
6057,7169435
6058,6002979
6059,9870274
6060,3806902
6061,9340298
6062,9483185
6063,8718930
6064,3729055
6065,6722994
6066,2040037
6067,8590342
6068,8256634
6069,4213059
6070,6693705
6071,892505
6072,6760204
6073,9181186
6074,9702536
6075,9937723
6076,3215716
6077,7328478
6078,5191545
6079,8611113
6080,960595
6081,5034484
6082,458999
6083,5175691
6084,3257076
6085,4779111
6086,6946955
6087,3194728
6088,4450424
6089,2624847
6090,1763429
6091,3944542
6092,2620622
6093,4761754
6094,6991448
6095,5260137
6096,8312428
6097,8099915
6098,6727046
6099,5819698
6100,8796647
6101,7940534
6102,4954596
6103,3004442
6104,4649565
6105,2704560
6106,1438215
6107,8390771
6108,9883082
6109,939078
6110,6513342
6111,5510379
6112,6037419
6113,7895212
6114,6438447
6115,4406589
6116,3228669
6117,1404063
6118,9235950
6119,9214379
6120,499190
6121,8539920
6122,6512703
6123,7659551
6124,9052540
6125,217547
6126,259096
6127,4377145
6128,1857739
6129,1765091
6130,8333452
6131,7363296
6132,4585914
6133,9345940
6134,4570991
6135,9422991
6136,9914116
6137,8737332
6138,5957174
6139,1394176
6140,6038337
6141,3413189
6142,8930093
6143,6399575
6144,4035493
6145,7637030
6146,8608279
6147,2923345
6148,3810958
6149,6830699
6150,9611897
6151,6718650
6152,1957989
6153,5733516
6154,7193948
6155,1967977
6156,8827460
6157,2658179
6158,5162391
6159,7266972
6160,8380767
6161,6560501
6162,4901712
6163,911060
6164,8103760
6165,8903188
6166,8755751
6167,5731817
6168,9749509
6169,1064716
6170,5588714
6171,1898176
6172,4335721
6173,6980513
6174,7494630
6175,2688003
6176,448403
6177,7985858
6178,2210999
6179,7923931
6180,6843242
6181,2278847
6182,356311
6183,7721738
6184,663752
6185,1270725
6186,7735563
6187,3610273
6188,8695495
6189,5271275
6190,8804431
6191,8426984
6192,6126929
6193,1680639
6194,7267747
6195,927051
6196,9058710
6197,2294099
6198,9757558
6199,944537
6200,9791481
6201,2984973
6202,7050594
6203,5770218
6204,1492571
6205,3705726
6206,328647
6207,4660372
6208,314024
6209,4266242
6210,9367066
6211,2771856
6212,2811030
6213,7079901
6214,4604028
6215,1258457
6216,6767053
6217,453778
6218,4576634
6219,4986212
6220,4304778
6221,1015700
6222,8662336
6223,8607576
6224,9689289
6225,2056163
6226,9360807
6227,5285300
6228,3914346
6229,8482300
6230,7479086
6231,6214402
6232,7220310
6233,7553361
6234,2164765
6235,2940678
6236,9378376
6237,1326953
6238,9850975
6239,8882103
6240,5424926
6241,6868220
6242,8500144
6243,2689821
6244,1277754
6245,3580345
6246,2448356
6247,8045696
6248,8695068
6249,7679862
6250,4704759
6251,8664164
6252,9936909
6253,8102349
6254,6877706
6255,8861782
6256,4442714
6257,410039
6258,5252477
6259,930737
6260,9457887
6261,7648115
6262,8161189
6263,4993381
6264,645481
6265,8832784
6266,7567817
6267,2472419
6268,4813970
6269,9813519
6270,5598941
6271,4675824
6272,4330850
6273,3607347
6274,8815346
6275,9367451
6276,1658516
6277,210960
6278,4301691
6279,4738932
6280,5094605
6281,3316948
6282,584460
6283,8323663
6284,8564908
6285,4807739
6286,5479506
6287,5147225
6288,1589826
6289,7427224
6290,6352691
6291,8494272
6292,6519501
6293,7847070
6294,2751452
6295,9694639
6296,712986
6297,5694245
6298,3891864
6299,7985391
6300,8936126
6301,2030800
6302,5019046
6303,7387440
6304,6853278
6305,4406942
6306,7750057
6307,6942081
6308,442566
6309,3739085
6310,6973965
6311,7163692
6312,507968
6313,8759423
6314,5408181
6315,7281480
6316,1128308
6317,2894347
6318,217977
6319,4696513
6320,266006
6321,3689523
6322,3855719
6323,5267862
6324,1452898
6325,1968269
6326,2998135
6327,4029277
6328,7198093
6329,6979977
6330,6815170
6331,9807678
6332,5626288
6333,3046737
6334,5738251
6335,2282675
6336,3399018
6337,6153855
6338,1949409
6339,4527895
6340,6829918
6341,6979615
6342,1628762
6343,1174918
6344,6853224
6345,2106567
6346,4324285
6347,9130980
6348,3157662
6349,8006972
6350,4379451
6351,2844268
6352,3589410
6353,1380098
6354,5139010
6355,6434942
6356,4951494
6357,1518332
6358,8471343
6359,7523646
6360,8691654
6361,8508022
6362,1565529
6363,8609064
6364,4111627
6365,2739535
6366,195515
6367,6031052
6368,1981997
6369,3993368
6370,2605635
6371,2045729
6372,4755224
6373,8150995
6374,9795615
6375,6840358
6376,9096104
6377,5035747
6378,435132
6379,8870770
6380,6505869
6381,5249976
6382,2744113
6383,6820582
6384,9586560
6385,4727412
6386,9162559
6387,2278968
6388,4519623
6389,4354841
6390,3763274
6391,2049679
6392,2475851
6393,1807980
6394,5269668
6395,3775174
6396,7380116
6397,1356541
6398,8201574
6399,1606798
6400,1250503
6401,5114170
6402,8718459
6403,5419587
6404,3809819
6405,4763523
6406,1713127
6407,102239
6408,1569940
6409,4004487
6410,3294885
6411,5107190
6412,5515537
6413,1227072
6414,537519
6415,5923584
6416,1737749
6417,8841762
6418,5224511
6419,1537513
6420,7678158
6421,8896529
6422,7547915
6423,5023255
6424,4232340
6425,1098642
6426,474243
6427,4211180
6428,205839
6429,2243892
6430,3548522
6431,8583352
6432,4544246
6433,6350588
6434,853805
6435,1553862
6436,8653386
6437,7990730
6438,7726353
6439,5736645
6440,5016509
6441,5422850
6442,6527822
6443,3446806
6444,6591337
6445,7299188
6446,2809700
6447,6935387
6448,5625312
6449,3002919
6450,6761181
6451,9878945
6452,5793967
6453,9262302
6454,3648217
6455,2304018
6456,3025229
6457,1748897
6458,8005525
6459,860145
6460,7946480
6461,4638669
6462,4687417
6463,4870943
6464,929269
6465,6525708
6466,6225431
6467,2246485
6468,5970310
6469,2603303
6470,4013079
6471,7858748
6472,7921551
6473,9993050
6474,2448883
6475,4109985
6476,4905066
6477,7690910
6478,6861593
6479,5704693
6480,2013131
6481,8372122
6482,852873
6483,4931059
6484,2854052
6485,2837464
6486,7831566
6487,3627680
6488,5461920
6489,6693775
6490,5923226
6491,9039113
6492,1987156
6493,9303297
6494,6424225
6495,5355198
6496,6019146
6497,1043804
6498,3787367
6499,3782773
6500,7588811
6501,1282376
6502,1521848
6503,7876341
6504,3938899
6505,7582387
6506,7486174
6507,7413848
6508,4551362
6509,2203197
6510,2212680
6511,3221448
6512,7663299
6513,5532793
6514,654652
6515,8330055
6516,5352815
6517,2424363
6518,7762906
6519,8097076
6520,9937195
6521,9463636
6522,5981489
6523,4270420
6524,5447950
6525,7249523
6526,6762666
6527,2928555
6528,1816647
6529,3663927
6530,3379942
6531,3335102
6532,1747321
6533,8121161
6534,8453234
6535,8751965
6536,6469041
6537,7704598
6538,3247372
6539,9404792
6540,9673672
6541,6516931
6542,7574738
6543,2272102
6544,6129709
6545,5949537
6546,7441526
6547,7995932
6548,5807641
6549,5185748
6550,7366436
6551,1170636
6552,7470898
6553,1412379
6554,1998178
6555,8299963
6556,8083246
6557,6867960
6558,6580907
6559,9560851
6560,2819163
6561,7093535
6562,5654408
6563,8203129
6564,2992135
6565,9592208
6566,369002
6567,7207843
6568,7329240
6569,948432
6570,671800
6571,600829
6572,2212225
6573,6905588
6574,8547088
6575,7918182
6576,7447501
6577,4216794
6578,4737644
6579,3085561
6580,7478988
6581,2829603
6582,5231703
6583,1242506
6584,9962097
6585,667169
6586,1264694
6587,9017967
6588,6125794
6589,4814801
6590,44031
6591,7143047
6592,117429
6593,3413681
6594,5114715
6595,7696949
6596,1761423
6597,1717538
6598,2019324
6599,3004788
6600,9226877
6601,9912147
6602,3027344
6603,7398142
6604,8233294
6605,6878257
6606,5192346
6607,4026459
6608,4412079
6609,7545694
6610,6830664
6611,9117074
6612,5233953
6613,1116254
6614,8413061
6615,1688467
6616,513602
6617,7781365
6618,3711258
6619,6643296
6620,4522764
6621,9519917
6622,2177490
6623,4375671
6624,8123711
6625,7023884
6626,7384758
6627,6771509
6628,8031391
6629,4704478
6630,2528997
6631,7727992
6632,6656046
6633,5305204
6634,1493260
6635,1176928
6636,1573661
6637,2483956
6638,5596296
6639,3517551
6640,1650186
6641,4188626
6642,5446952
6643,9345906
6644,1981263
6645,7018389
6646,5210542
6647,5191856
6648,6610809
6649,3740857
6650,6812954
6651,8839896
6652,4281065
6653,2132729
6654,6756779
6655,5584181
6656,5897303
6657,2711139
6658,3774519
6659,3392735
6660,8942260
6661,4908245
6662,4909950
6663,9970988
6664,3626881
6665,4115871
6666,6463284
6667,9986267
6668,9412436
6669,7183015
6670,7421677
6671,7503594
6672,2296212
6673,5580275
6674,548966
6675,2907752
6676,3308040
6677,6682167
6678,2430398
6679,1198762
6680,6157928
6681,3041123
6682,3612960
6683,3781639
6684,9517914
6685,782693
6686,3057723
6687,3061905
6688,7406206
6689,4283899
6690,4442209
6691,9909144
6692,3884044
6693,8295100
6694,3109980
6695,2860213
6696,4183808
6697,5580748
6698,2565209
6699,1687808
6700,7087493
6701,7448368
6702,8576438
6703,4904182
6704,4970172
6705,4642961
6706,4600106
6707,8889758
6708,2338482
6709,6943731
6710,7382999
6711,2818759
6712,8025021
6713,147217
6714,9103414
6715,4880533
6716,9947210
6717,7796769
6718,7099006
6719,5442814
6720,6457159
6721,1223401
6722,4863308
6723,5903684
6724,3555623
6725,8439482
6726,9096504
6727,2862955
6728,4010301
6729,8714000
6730,430037
6731,7152255
6732,8318524
6733,1953741
6734,7628089
6735,6791662
6736,7250060
6737,377587
6738,3991331
6739,7668084
6740,754130
6741,5398533
6742,1366281
6743,3548360
6744,8438867
6745,4615774
6746,6711925
6747,8828281
6748,5276357
6749,5303177
6750,2878329
6751,2692007
6752,9254103
6753,4547883
6754,5558006
6755,3801115
6756,9266747
6757,2022399
6758,3070440
6759,6157869
6760,5064749
6761,6191015
6762,3989072
6763,7039856
6764,3471850
6765,2560436
6766,3514882
6767,8950427
6768,9495694
6769,3211122
6770,9925964
6771,3895271
6772,2846047
6773,3597928
6774,2427178
6775,1519275
6776,1279282
6777,5262055
6778,8781736
6779,4732551
6780,118466
6781,1575933
6782,3296603
6783,1189618
6784,8883325
6785,8830205
6786,1741838
6787,9693509
6788,104756
6789,5017227
6790,2352531
6791,6919651
6792,5344867
6793,6823236
6794,8607809
6795,7243326
6796,3194483
6797,9476215
6798,948225
6799,9368580
6800,6750206
6801,1688837
6802,4613834
6803,7131439
6804,7835245
6805,1106803
6806,622177
6807,567494
6808,1705467
6809,5124671
6810,1558451
6811,671418
6812,9021087
6813,5299103
6814,2067027
6815,5474141
6816,8543867
6817,2290461
6818,4209645
6819,9218504
6820,3873326
6821,6205091
6822,7051061
6823,9710955
6824,6893703
6825,9337627
6826,1058231
6827,7613199
6828,4487034
6829,7336313
6830,4616987
6831,8868270
6832,6078554
6833,1472592
6834,2140523
6835,4228947
6836,1371335
6837,5227854
6838,597458
6839,1324643
6840,4861042
6841,1593037
6842,8293567
6843,6726868
6844,983384
6845,7721911
6846,3569601
6847,5304079
6848,8643494
6849,861265
6850,7575088
6851,3462122
6852,459705
6853,3645538
6854,3503625
6855,6599945
6856,8852467
6857,7512420
6858,5632234
6859,7192163
6860,586712
6861,1909001
6862,4279125
6863,2986229
6864,4726053
6865,2607609
6866,2933276
6867,4008924
6868,8445649
6869,5011708
6870,6211038
6871,8144803
6872,3825810
6873,7879842
6874,9539359
6875,3677266
6876,6221407
6877,2451012
6878,8467857
6879,765904
6880,1637648
6881,8922503
6882,1586541
6883,775891
6884,2344386
6885,1416481
6886,9278827
6887,5668547
6888,2924795
6889,9440141
6890,6191033
6891,5823064
6892,9171793
6893,1239118
6894,9372916
6895,2602179
6896,1907027
6897,4420235
6898,9674587
6899,7184570
6900,5880120
6901,973119
6902,6315797
6903,4428423
6904,1423153
6905,9577109
6906,739881
6907,8268337
6908,9918313
6909,9317447
6910,9826658
6911,6569452
6912,2712551
6913,1863902
6914,5335732
6915,5793848
6916,5169440
6917,3728750
6918,7199184
6919,8369361
6920,262821
6921,9723329
6922,5936352
6923,4743810
6924,9838896
6925,5597963
6926,6462390
6927,6436739
6928,3428743
6929,6553481
6930,3803712
6931,625546
6932,3234700
6933,8289864
6934,6082445
6935,9844201
6936,4030843
6937,2290794
6938,772363
6939,1199251
6940,7575380
6941,9069340
6942,2221122
6943,6155120
6944,6906893
6945,5787946
6946,8848042
6947,3020129
6948,1284616
6949,3813143
6950,7800122
6951,7456732
6952,7756030
6953,1144614
6954,2995012
6955,6046328
6956,3741216
6957,7339327
6958,7592731
6959,3230257
6960,7132063
6961,8191274
6962,7149406
6963,5748930
6964,511923
6965,71539
6966,2375316
6967,1120297
6968,7232756
6969,6091529
6970,2165871
6971,9431813
6972,709376
6973,411357
6974,2078577
6975,5123992
6976,4632126
6977,4643754
6978,3333786
6979,1109404
6980,8097310
6981,2038584
6982,3942598
6983,9124974
6984,6366484
6985,8565707
6986,4372937
6987,9686204
6988,864396
6989,1637250
6990,7501975
6991,7083094
6992,3197045
6993,6085152
6994,9195613
6995,8377320
6996,7691942
6997,8123173
6998,7679085
6999,6956342
7000,1333177
7001,2106513
7002,8628816
7003,7216979
7004,8111782
7005,7455372
7006,8586432
7007,4524199
7008,8751376
7009,743728
7010,4915543
7011,7067482
7012,6513189
7013,428867
7014,3973889
7015,4539734
7016,8814890
7017,7324934
7018,1634626
7019,3620579
7020,7528156
7021,8030830
7022,4485751
7023,6347415
7024,7889987
7025,9544051
7026,6465619
7027,9973190
7028,2666129
7029,4497344
7030,3607347
7031,190399
7032,3118966
7033,8161671
7034,8375043
7035,9949588
7036,1772489
7037,4466093
7038,7080763
7039,5370257
7040,8740054
7041,9523508
7042,1783313
7043,251019
7044,5197678
7045,2121115
7046,7874790
7047,9567300
7048,7669603
7049,8581361
7050,415915
7051,8885948
7052,8928625
7053,5225396
7054,3330270
7055,3093647
7056,3308594
7057,673181
7058,1198326
7059,630706
7060,9558446
7061,9053286
7062,2990609
7063,2156790
7064,1255422
7065,4635725
7066,7380758
7067,6264181
7068,8153255
7069,1110638
7070,7718327
7071,8524967
7072,9842788
7073,664933
7074,6391168
7075,1263691
7076,9916310
7077,3310701
7078,9805404
7079,6874046
7080,3811435
7081,1277553
7082,865899
7083,3734558
7084,7375910
7085,9542128
7086,4391324
7087,9544934
7088,9129878
7089,253844
7090,9343024
7091,3009100
7092,171305
7093,3257415
7094,1393679
7095,4267417
7096,2038597
7097,5405929
7098,4413577
7099,2238412
7100,7780371
7101,4332227
7102,4778210
7103,3099177
7104,1284255
7105,4065843
7106,9443502
7107,7300454
7108,4282839
7109,8486873
7110,2692664
7111,2323664
7112,1147992
7113,4281764
7114,3647342
7115,851980
7116,9752590
7117,3360107
7118,5925493
7119,4928765
7120,2225686
7121,2119552
7122,730659
7123,2462741
7124,4403713
7125,9866255
7126,2795109
7127,3273677
7128,9902705
7129,1659927
7130,1688023
7131,4499136
7132,3595641
7133,6080064
7134,8176673
7135,4893760
7136,6597939
7137,4669162
7138,1963811
7139,3598786
7140,4152710
7141,9529998
7142,1567837
7143,6340402
7144,2583125
7145,9970915
7146,8194586
7147,2547590
7148,4687575
7149,2508614
7150,3968525
7151,718826
7152,8716546
7153,9294365
7154,9671657
7155,110137
7156,8464119
7157,6218639
7158,6698755
7159,6751128
7160,7960576
7161,6989907
7162,8588191
7163,5985160
7164,8611169
7165,4447296
7166,8557734
7167,8502250
7168,3186300
7169,9077570
7170,6008285
7171,2408349
7172,7010882
7173,5765987
7174,3013731
7175,8211129
7176,5288519
7177,3350086
7178,468416
7179,846837
7180,6181713
7181,7269917
7182,4205358
7183,4297328
7184,3375136
7185,8440760
7186,6527727
7187,4205407
7188,3307913
7189,8201026
7190,2629192
7191,3541514
7192,4618111
7193,5646592
7194,5231067
7195,7640682
7196,1628192
7197,7619931
7198,3305647
7199,7796261
7200,9000487
7201,6631757
7202,5874644
7203,5798653
7204,3349904
7205,3770387
7206,85238
7207,3246778
7208,1284799
7209,2902478
